session_id,lang,family,n_consonants,aspirate_density,breathy_density,retroflex_density,geminate_density
hi_in_s000,hi_in,Indo-Aryan,739.0,0.035182679296346414,0.02706359945872801,0.044654939106901215,0.0
hi_in_s001,hi_in,Indo-Aryan,1100.0,0.02727272727272727,0.02181818181818182,0.06545454545454546,0.0
hi_in_s002,hi_in,Indo-Aryan,1044.0,0.034482758620689655,0.02681992337164751,0.05363984674329502,0.0
hi_in_s003,hi_in,Indo-Aryan,800.0,0.0375,0.025,0.05,0.0
hi_in_s004,hi_in,Indo-Aryan,823.0,0.040097205346294046,0.02916160388821385,0.040097205346294046,0.0
hi_in_s005,hi_in,Indo-Aryan,1001.0,0.027972027972027972,0.023976023976023976,0.03296703296703297,0.0
hi_in_s006,hi_in,Indo-Aryan,795.0,0.031446540880503145,0.02012578616352201,0.042767295597484274,0.0
hi_in_s007,hi_in,Indo-Aryan,886.0,0.03611738148984198,0.01580135440180587,0.040632054176072234,0.0
hi_in_s008,hi_in,Indo-Aryan,879.0,0.03640500568828214,0.027303754266211604,0.05233219567690557,0.0
hi_in_s009,hi_in,Indo-Aryan,1022.0,0.033268101761252444,0.02446183953033268,0.04794520547945205,0.0
hi_in_s010,hi_in,Indo-Aryan,1059.0,0.03493862134088763,0.02077431539187913,0.04343720491029273,0.0
hi_in_s011,hi_in,Indo-Aryan,943.0,0.03923647932131495,0.027571580063626724,0.036055143160127257,0.0
hi_in_s012,hi_in,Indo-Aryan,807.0,0.042131350681536554,0.01734820322180917,0.061957868649318466,0.0
hi_in_s013,hi_in,Indo-Aryan,1165.0,0.034334763948497854,0.0240343347639485,0.045493562231759654,0.0
hi_in_s014,hi_in,Indo-Aryan,793.0,0.02395964691046658,0.02269861286254729,0.03909205548549811,0.0
hi_in_s015,hi_in,Indo-Aryan,1203.0,0.029093931837073983,0.022443890274314215,0.05320033250207814,0.0
hi_in_s016,hi_in,Indo-Aryan,1079.0,0.04911955514365153,0.024096385542168676,0.04541241890639481,0.0
hi_in_s017,hi_in,Indo-Aryan,904.0,0.04092920353982301,0.018805309734513276,0.051991150442477874,0.0
hi_in_s018,hi_in,Indo-Aryan,1139.0,0.03424056189640035,0.0324846356453029,0.05267778753292362,0.0
hi_in_s019,hi_in,Indo-Aryan,915.0,0.03825136612021858,0.024043715846994537,0.048087431693989074,0.0
bn_in_s000,bn_in,Indo-Aryan,1279.0,0.0437842064112588,0.03440187646598905,0.06489444878811572,0.0
bn_in_s001,bn_in,Indo-Aryan,1259.0,0.059571088165210485,0.04289118347895155,0.07466243050039714,0.0
bn_in_s002,bn_in,Indo-Aryan,945.0,0.05396825396825397,0.033862433862433865,0.06455026455026455,0.0
bn_in_s003,bn_in,Indo-Aryan,1300.0,0.03769230769230769,0.04,0.06230769230769231,0.0
bn_in_s004,bn_in,Indo-Aryan,1022.0,0.04892367906066536,0.0410958904109589,0.06164383561643835,0.0
bn_in_s005,bn_in,Indo-Aryan,1012.0,0.045454545454545456,0.030632411067193676,0.05928853754940711,0.0
bn_in_s006,bn_in,Indo-Aryan,1057.0,0.0510879848628193,0.023651844843897825,0.06811731315042574,0.0
bn_in_s007,bn_in,Indo-Aryan,1253.0,0.0670391061452514,0.041500399042298484,0.052673583399840386,0.0
bn_in_s008,bn_in,Indo-Aryan,1371.0,0.046681254558716266,0.032093362509117436,0.06929248723559446,0.0
bn_in_s009,bn_in,Indo-Aryan,1210.0,0.03966942148760331,0.024793388429752067,0.07107438016528926,0.0
bn_in_s010,bn_in,Indo-Aryan,1208.0,0.05132450331125828,0.033112582781456956,0.07119205298013245,0.0
bn_in_s011,bn_in,Indo-Aryan,1207.0,0.041425020712510356,0.026512013256006627,0.06628003314001657,0.0
bn_in_s012,bn_in,Indo-Aryan,1070.0,0.059813084112149535,0.028037383177570093,0.08504672897196262,0.0
bn_in_s013,bn_in,Indo-Aryan,1328.0,0.05271084337349398,0.03463855421686747,0.07228915662650602,0.0
bn_in_s014,bn_in,Indo-Aryan,956.0,0.06589958158995816,0.03556485355648536,0.06903765690376569,0.0
bn_in_s015,bn_in,Indo-Aryan,1082.0,0.04251386321626617,0.03234750462107209,0.06284658040665435,0.0
bn_in_s016,bn_in,Indo-Aryan,1124.0,0.05782918149466192,0.03291814946619217,0.07562277580071175,0.0
bn_in_s017,bn_in,Indo-Aryan,1060.0,0.04622641509433962,0.02358490566037736,0.06320754716981132,0.0
bn_in_s018,bn_in,Indo-Aryan,1168.0,0.05136986301369863,0.03339041095890411,0.07106164383561644,0.0
bn_in_s019,bn_in,Indo-Aryan,1191.0,0.054575986565911,0.03946263643996641,0.07556675062972293,0.0
mr_in_s000,mr_in,Indo-Aryan,1411.0,0.041814316087880936,0.027639971651311126,0.09142452161587526,0.0
mr_in_s001,mr_in,Indo-Aryan,1020.0,0.03333333333333333,0.03431372549019608,0.09117647058823529,0.0
mr_in_s002,mr_in,Indo-Aryan,811.0,0.04315659679408138,0.02096177558569667,0.07398273736128237,0.0
mr_in_s003,mr_in,Indo-Aryan,942.0,0.03927813163481953,0.027600849256900213,0.0870488322717622,0.0
mr_in_s004,mr_in,Indo-Aryan,1144.0,0.045454545454545456,0.024475524475524476,0.09090909090909091,0.0
mr_in_s005,mr_in,Indo-Aryan,724.0,0.03591160220994475,0.03038674033149171,0.08287292817679558,0.0
mr_in_s006,mr_in,Indo-Aryan,1274.0,0.02511773940345369,0.03296703296703297,0.08869701726844584,0.0
mr_in_s007,mr_in,Indo-Aryan,1182.0,0.03553299492385787,0.02707275803722504,0.10067681895093063,0.0
mr_in_s008,mr_in,Indo-Aryan,1158.0,0.025043177892918825,0.03454231433506045,0.09758203799654577,0.0
mr_in_s009,mr_in,Indo-Aryan,1255.0,0.03346613545816733,0.027091633466135457,0.07808764940239044,0.0
mr_in_s010,mr_in,Indo-Aryan,1100.0,0.03727272727272727,0.031818181818181815,0.09545454545454546,0.0
mr_in_s011,mr_in,Indo-Aryan,1133.0,0.03971756398940865,0.02206531332744925,0.09885260370697264,0.0
mr_in_s012,mr_in,Indo-Aryan,966.0,0.028985507246376812,0.041407867494824016,0.09213250517598344,0.0
mr_in_s013,mr_in,Indo-Aryan,1522.0,0.04204993429697766,0.03876478318002628,0.1011826544021025,0.0
mr_in_s014,mr_in,Indo-Aryan,1304.0,0.032975460122699383,0.03067484662576687,0.09432515337423313,0.0
mr_in_s015,mr_in,Indo-Aryan,988.0,0.025303643724696356,0.02631578947368421,0.0860323886639676,0.0
mr_in_s016,mr_in,Indo-Aryan,960.0,0.040625,0.035416666666666666,0.09479166666666666,0.0
mr_in_s017,mr_in,Indo-Aryan,1355.0,0.04059040590405904,0.035424354243542434,0.0907749077490775,0.0
mr_in_s018,mr_in,Indo-Aryan,1145.0,0.027074235807860263,0.034934497816593885,0.08384279475982533,0.0
mr_in_s019,mr_in,Indo-Aryan,869.0,0.04487917146144994,0.02761795166858458,0.09090909090909091,0.0
gu_in_s000,gu_in,Indo-Aryan,1106.0,0.0650994575045208,0.028933092224231464,0.08227848101265822,0.0
gu_in_s001,gu_in,Indo-Aryan,930.0,0.05053763440860215,0.02258064516129032,0.08172043010752689,0.0
gu_in_s002,gu_in,Indo-Aryan,710.0,0.06056338028169014,0.02535211267605634,0.07323943661971831,0.0
gu_in_s003,gu_in,Indo-Aryan,1033.0,0.05033881897386254,0.028073572120038724,0.05517909002904162,0.0
gu_in_s004,gu_in,Indo-Aryan,1089.0,0.06611570247933884,0.027548209366391185,0.06152433425160698,0.0
gu_in_s005,gu_in,Indo-Aryan,1140.0,0.05964912280701754,0.02982456140350877,0.07368421052631578,0.0
gu_in_s006,gu_in,Indo-Aryan,1153.0,0.05030355594102342,0.033824804856895055,0.05464006938421509,0.0
gu_in_s007,gu_in,Indo-Aryan,834.0,0.05755395683453238,0.02158273381294964,0.06115107913669065,0.0
gu_in_s008,gu_in,Indo-Aryan,1554.0,0.05276705276705277,0.02445302445302445,0.07142857142857142,0.0
gu_in_s009,gu_in,Indo-Aryan,1407.0,0.0433546552949538,0.02771855010660981,0.052594171997157074,0.0021321961620469083
gu_in_s010,gu_in,Indo-Aryan,974.0,0.055441478439425054,0.023613963039014373,0.07700205338809035,0.0
gu_in_s011,gu_in,Indo-Aryan,854.0,0.06323185011709602,0.02810304449648712,0.07845433255269321,0.0
gu_in_s012,gu_in,Indo-Aryan,963.0,0.06230529595015576,0.03426791277258567,0.06542056074766354,0.0
gu_in_s013,gu_in,Indo-Aryan,1163.0,0.05674978503869303,0.03353396388650043,0.06534823731728288,0.0
gu_in_s014,gu_in,Indo-Aryan,1014.0,0.06903353057199212,0.027613412228796843,0.06804733727810651,0.0
gu_in_s015,gu_in,Indo-Aryan,1061.0,0.06974552309142319,0.03298774740810556,0.08011310084825636,0.0
gu_in_s016,gu_in,Indo-Aryan,979.0,0.05515832482124617,0.0296220633299285,0.05822267620020429,0.0
gu_in_s017,gu_in,Indo-Aryan,1034.0,0.06769825918762089,0.030947775628626693,0.08413926499032882,0.0
gu_in_s018,gu_in,Indo-Aryan,1042.0,0.05182341650671785,0.02495201535508637,0.07581573896353166,0.0
gu_in_s019,gu_in,Indo-Aryan,1143.0,0.0542432195975503,0.02537182852143482,0.05511811023622047,0.0
pa_in_s000,pa_in,Indo-Aryan,804.0,0.03980099502487562,0.029850746268656716,0.046019900497512436,0.0
pa_in_s001,pa_in,Indo-Aryan,960.0,0.03854166666666667,0.019791666666666666,0.03958333333333333,0.0
pa_in_s002,pa_in,Indo-Aryan,840.0,0.02976190476190476,0.02738095238095238,0.05952380952380952,0.0
pa_in_s003,pa_in,Indo-Aryan,1038.0,0.03275529865125241,0.025048169556840076,0.055876685934489405,0.0
pa_in_s004,pa_in,Indo-Aryan,919.0,0.03482045701849837,0.01632208922742111,0.04352557127312296,0.0
pa_in_s005,pa_in,Indo-Aryan,887.0,0.046223224351747465,0.015783540022547914,0.04735062006764374,0.0
pa_in_s006,pa_in,Indo-Aryan,924.0,0.03896103896103896,0.027056277056277056,0.049783549783549784,0.0
pa_in_s007,pa_in,Indo-Aryan,836.0,0.034688995215311005,0.019138755980861243,0.05382775119617225,0.0
pa_in_s008,pa_in,Indo-Aryan,1003.0,0.03788634097706879,0.01694915254237288,0.05284147557328016,0.0
pa_in_s009,pa_in,Indo-Aryan,716.0,0.02653631284916201,0.023743016759776536,0.055865921787709494,0.0
pa_in_s010,pa_in,Indo-Aryan,889.0,0.03712035995500562,0.020247469066366704,0.031496062992125984,0.0
pa_in_s011,pa_in,Indo-Aryan,836.0,0.029904306220095694,0.02751196172248804,0.05263157894736842,0.0
pa_in_s012,pa_in,Indo-Aryan,956.0,0.04184100418410042,0.02405857740585774,0.060669456066945605,0.0
pa_in_s013,pa_in,Indo-Aryan,1205.0,0.025726141078838173,0.017427385892116183,0.05560165975103734,0.0
pa_in_s014,pa_in,Indo-Aryan,735.0,0.04081632653061224,0.02857142857142857,0.053061224489795916,0.0
pa_in_s015,pa_in,Indo-Aryan,938.0,0.028784648187633263,0.02771855010660981,0.04797441364605544,0.0
pa_in_s016,pa_in,Indo-Aryan,755.0,0.03576158940397351,0.025165562913907286,0.060927152317880796,0.0
pa_in_s017,pa_in,Indo-Aryan,925.0,0.034594594594594595,0.025945945945945945,0.05405405405405406,0.0
pa_in_s018,pa_in,Indo-Aryan,877.0,0.0330672748004561,0.021664766248574687,0.043329532497149374,0.0
pa_in_s019,pa_in,Indo-Aryan,781.0,0.034571062740076826,0.034571062740076826,0.04865556978233035,0.0
or_in_s000,or_in,Indo-Aryan,844.0,0.058056872037914695,0.031990521327014215,0.06990521327014218,0.0
or_in_s001,or_in,Indo-Aryan,835.0,0.05029940119760479,0.0407185628742515,0.09101796407185629,0.0
or_in_s002,or_in,Indo-Aryan,1037.0,0.04725168756027001,0.03278688524590164,0.08775313404050145,0.0
or_in_s003,or_in,Indo-Aryan,1177.0,0.04672897196261682,0.037383177570093455,0.07221750212404418,0.0
or_in_s004,or_in,Indo-Aryan,1168.0,0.0547945205479452,0.03595890410958904,0.08304794520547945,0.0
or_in_s005,or_in,Indo-Aryan,1163.0,0.05331040412725709,0.04213241616509028,0.0885640584694755,0.0
or_in_s006,or_in,Indo-Aryan,1226.0,0.048939641109298535,0.040783034257748776,0.0766721044045677,0.0
or_in_s007,or_in,Indo-Aryan,1095.0,0.052968036529680365,0.03287671232876712,0.1004566210045662,0.0
or_in_s008,or_in,Indo-Aryan,1195.0,0.055230125523012555,0.03430962343096234,0.07531380753138076,0.0
or_in_s009,or_in,Indo-Aryan,1118.0,0.05008944543828265,0.03130590339892665,0.06887298747763863,0.0
or_in_s010,or_in,Indo-Aryan,907.0,0.044101433296582136,0.03969128996692393,0.0926130099228225,0.0
or_in_s011,or_in,Indo-Aryan,1600.0,0.046875,0.039375,0.09125,0.0
or_in_s012,or_in,Indo-Aryan,1101.0,0.04178019981834696,0.043596730245231606,0.08174386920980926,0.0
or_in_s013,or_in,Indo-Aryan,1145.0,0.048034934497816595,0.03755458515283843,0.07074235807860262,0.0
or_in_s014,or_in,Indo-Aryan,1154.0,0.03466204506065858,0.0415944540727903,0.09792027729636049,0.0
or_in_s015,or_in,Indo-Aryan,1230.0,0.03983739837398374,0.03902439024390244,0.08780487804878048,0.0
or_in_s016,or_in,Indo-Aryan,1128.0,0.03546099290780142,0.031914893617021274,0.07624113475177305,0.0
or_in_s017,or_in,Indo-Aryan,1160.0,0.05517241379310345,0.04310344827586207,0.08793103448275862,0.0
or_in_s018,or_in,Indo-Aryan,973.0,0.05755395683453238,0.041109969167523124,0.10585817060637205,0.0
or_in_s019,or_in,Indo-Aryan,906.0,0.04746136865342163,0.03421633554083885,0.06622516556291391,0.0
as_in_s000,as_in,Indo-Aryan,969.0,0.07946336429308566,0.033023735810113516,0.11248710010319918,0.0
as_in_s001,as_in,Indo-Aryan,909.0,0.0484048404840484,0.0462046204620462,0.08250825082508251,0.0
as_in_s002,as_in,Indo-Aryan,1117.0,0.07967770814682185,0.03222918531781558,0.06803939122649955,0.0
as_in_s003,as_in,Indo-Aryan,1084.0,0.058118081180811805,0.035977859778597784,0.08856088560885608,0.0
as_in_s004,as_in,Indo-Aryan,840.0,0.06547619047619048,0.041666666666666664,0.08571428571428572,0.0
as_in_s005,as_in,Indo-Aryan,867.0,0.07612456747404844,0.02883506343713956,0.08996539792387544,0.0
as_in_s006,as_in,Indo-Aryan,767.0,0.07040417209908735,0.03259452411994785,0.08344198174706649,0.0
as_in_s007,as_in,Indo-Aryan,773.0,0.06338939197930142,0.037516170763260026,0.10478654592496765,0.0
as_in_s008,as_in,Indo-Aryan,728.0,0.07142857142857142,0.03571428571428571,0.10576923076923077,0.0
as_in_s009,as_in,Indo-Aryan,940.0,0.0627659574468085,0.04042553191489362,0.09574468085106383,0.0
as_in_s010,as_in,Indo-Aryan,1113.0,0.08265947888589398,0.030548068283917342,0.08355795148247978,0.0
as_in_s011,as_in,Indo-Aryan,902.0,0.058758314855875834,0.03547671840354767,0.08536585365853659,0.0
as_in_s012,as_in,Indo-Aryan,600.0,0.055,0.043333333333333335,0.10333333333333333,0.0
as_in_s013,as_in,Indo-Aryan,896.0,0.056919642857142856,0.041294642857142856,0.10602678571428571,0.0
as_in_s014,as_in,Indo-Aryan,942.0,0.07961783439490445,0.040339702760084924,0.07537154989384288,0.0
as_in_s015,as_in,Indo-Aryan,671.0,0.05812220566318927,0.038748137108792845,0.07302533532041729,0.0
as_in_s016,as_in,Indo-Aryan,830.0,0.06265060240963856,0.02650602409638554,0.07951807228915662,0.0
as_in_s017,as_in,Indo-Aryan,1147.0,0.06015693112467306,0.046207497820401046,0.0985178727114211,0.0
as_in_s018,as_in,Indo-Aryan,967.0,0.06204756980351603,0.03205791106514995,0.07859358841778696,0.0
as_in_s019,as_in,Indo-Aryan,728.0,0.07280219780219781,0.03296703296703297,0.059065934065934064,0.0
ne_np_s000,ne_np,Indo-Aryan,1199.0,0.05170975813177648,0.03669724770642202,0.05254378648874062,0.0
ne_np_s001,ne_np,Indo-Aryan,1213.0,0.04204451772464963,0.04451772464962902,0.05028854080791426,0.0
ne_np_s002,ne_np,Indo-Aryan,999.0,0.04904904904904905,0.03803803803803804,0.05105105105105105,0.0
ne_np_s003,ne_np,Indo-Aryan,1096.0,0.06204379562043796,0.0364963503649635,0.055656934306569344,0.0
ne_np_s004,ne_np,Indo-Aryan,1061.0,0.03864278982092366,0.04241281809613572,0.057492931196983975,0.0
ne_np_s005,ne_np,Indo-Aryan,963.0,0.04257528556593977,0.04984423676012461,0.07061266874350987,0.0
ne_np_s006,ne_np,Indo-Aryan,906.0,0.052980132450331126,0.03532008830022075,0.04966887417218543,0.0
ne_np_s007,ne_np,Indo-Aryan,1356.0,0.051622418879056046,0.03761061946902655,0.05014749262536873,0.0
ne_np_s008,ne_np,Indo-Aryan,852.0,0.06338028169014084,0.04225352112676056,0.05046948356807512,0.0
ne_np_s009,ne_np,Indo-Aryan,979.0,0.0449438202247191,0.028600612870275793,0.043922369765066395,0.0
ne_np_s010,ne_np,Indo-Aryan,1244.0,0.04742765273311897,0.04019292604501608,0.04823151125401929,0.0
ne_np_s011,ne_np,Indo-Aryan,833.0,0.04801920768307323,0.027611044417767107,0.05162064825930372,0.0
ne_np_s012,ne_np,Indo-Aryan,1225.0,0.05061224489795919,0.027755102040816326,0.07673469387755102,0.0
ne_np_s013,ne_np,Indo-Aryan,933.0,0.05359056806002144,0.03429796355841372,0.04180064308681672,0.0
ne_np_s014,ne_np,Indo-Aryan,940.0,0.04680851063829787,0.03723404255319149,0.05,0.0
ne_np_s015,ne_np,Indo-Aryan,881.0,0.05448354143019296,0.04086265607264472,0.04767309875141884,0.0
ne_np_s016,ne_np,Indo-Aryan,1181.0,0.056731583403895,0.04318374259102455,0.05334462320067739,0.0
ne_np_s017,ne_np,Indo-Aryan,1135.0,0.04933920704845815,0.05286343612334802,0.04669603524229075,0.0
ne_np_s018,ne_np,Indo-Aryan,1079.0,0.03243744207599629,0.04911955514365153,0.03707136237256719,0.0
ne_np_s019,ne_np,Indo-Aryan,1204.0,0.053156146179401995,0.03986710963455149,0.050664451827242524,0.0
ta_in_s000,ta_in,Dravidian,1098.0,0.0,0.0,0.10382513661202186,0.0
ta_in_s001,ta_in,Dravidian,1212.0,0.0,0.0,0.09405940594059406,0.0
ta_in_s002,ta_in,Dravidian,1286.0,0.0,0.0,0.09875583203732503,0.0
ta_in_s003,ta_in,Dravidian,1452.0,0.0,0.0,0.09917355371900827,0.0
ta_in_s004,ta_in,Dravidian,858.0,0.0,0.0,0.08275058275058275,0.0
ta_in_s005,ta_in,Dravidian,1231.0,0.0,0.0,0.08854589764419171,0.0
ta_in_s006,ta_in,Dravidian,1065.0,0.0,0.0,0.09014084507042254,0.0
ta_in_s007,ta_in,Dravidian,1105.0,0.0,0.0,0.10045248868778281,0.0
ta_in_s008,ta_in,Dravidian,995.0,0.0,0.0,0.11658291457286432,0.0
ta_in_s009,ta_in,Dravidian,1246.0,0.0,0.0,0.11637239165329052,0.0
ta_in_s010,ta_in,Dravidian,1016.0,0.0,0.0,0.07480314960629922,0.0
ta_in_s011,ta_in,Dravidian,1402.0,0.0,0.0,0.10699001426533523,0.0
ta_in_s012,ta_in,Dravidian,1007.0,0.0,0.0,0.09433962264150944,0.0
ta_in_s013,ta_in,Dravidian,1084.0,0.0,0.0,0.10055350553505535,0.0
ta_in_s014,ta_in,Dravidian,1054.0,0.0,0.0,0.0777988614800759,0.0
ta_in_s015,ta_in,Dravidian,1370.0,0.0,0.0,0.09416058394160584,0.0
ta_in_s016,ta_in,Dravidian,1318.0,0.0,0.0,0.08042488619119878,0.0
ta_in_s017,ta_in,Dravidian,1245.0,0.0,0.0,0.0963855421686747,0.0
ta_in_s018,ta_in,Dravidian,1147.0,0.0,0.0,0.08631211857018309,0.0
ta_in_s019,ta_in,Dravidian,1093.0,0.0,0.0,0.08600182982616651,0.0
ml_in_s000,ml_in,Dravidian,1204.0,0.013289036544850499,0.01910299003322259,0.08970099667774087,0.0
ml_in_s001,ml_in,Dravidian,1177.0,0.006796941376380629,0.015293118096856415,0.09090909090909091,0.0
ml_in_s002,ml_in,Dravidian,1318.0,0.0030349013657056147,0.014415781487101669,0.07207890743550835,0.0
ml_in_s003,ml_in,Dravidian,1536.0,0.013020833333333334,0.013020833333333334,0.10091145833333333,0.012369791666666666
ml_in_s004,ml_in,Dravidian,1389.0,0.010079193664506839,0.017278617710583154,0.09287257019438445,0.0
ml_in_s005,ml_in,Dravidian,1344.0,0.015625,0.018601190476190476,0.10267857142857142,0.0
ml_in_s006,ml_in,Dravidian,1514.0,0.009907529722589167,0.013870541611624834,0.11096433289299867,0.0
ml_in_s007,ml_in,Dravidian,1242.0,0.01610305958132045,0.013687600644122383,0.0966183574879227,0.0
ml_in_s008,ml_in,Dravidian,1206.0,0.008291873963515755,0.014096185737976783,0.0845771144278607,0.0
ml_in_s009,ml_in,Dravidian,1206.0,0.012437810945273632,0.01658374792703151,0.10281923714759536,0.0
ml_in_s010,ml_in,Dravidian,1214.0,0.01400329489291598,0.019769357495881382,0.07331136738056013,0.0
ml_in_s011,ml_in,Dravidian,1549.0,0.006455777921239509,0.010329244673983214,0.0774693350548741,0.0
ml_in_s012,ml_in,Dravidian,1154.0,0.006065857885615251,0.014731369150779897,0.09012131715771231,0.0
ml_in_s013,ml_in,Dravidian,1217.0,0.015612161051766639,0.016433853738701727,0.11339359079704191,0.0
ml_in_s014,ml_in,Dravidian,1270.0,0.011023622047244094,0.01653543307086614,0.09527559055118111,0.0
ml_in_s015,ml_in,Dravidian,1284.0,0.008566978193146417,0.016355140186915886,0.09423676012461059,0.0
ml_in_s016,ml_in,Dravidian,1188.0,0.01430976430976431,0.006734006734006734,0.08164983164983165,0.0
ml_in_s017,ml_in,Dravidian,1198.0,0.012520868113522538,0.015025041736227046,0.12520868113522537,0.0
ml_in_s018,ml_in,Dravidian,1218.0,0.008210180623973728,0.013957307060755337,0.10755336617405582,0.0
ml_in_s019,ml_in,Dravidian,1526.0,0.007208387942332897,0.011795543905635648,0.09174311926605505,0.0
te_in_s000,te_in,Dravidian,944.0,0.01059322033898305,0.022245762711864406,0.0815677966101695,0.0
te_in_s001,te_in,Dravidian,1074.0,0.0111731843575419,0.023277467411545624,0.09962756052141528,0.0
te_in_s002,te_in,Dravidian,936.0,0.016025641025641024,0.014957264957264958,0.08867521367521368,0.0
te_in_s003,te_in,Dravidian,796.0,0.00628140703517588,0.022613065326633167,0.10050251256281408,0.0
te_in_s004,te_in,Dravidian,1065.0,0.007511737089201878,0.0215962441314554,0.10046948356807511,0.0
te_in_s005,te_in,Dravidian,879.0,0.017064846416382253,0.022753128555176336,0.08873720136518772,0.0
te_in_s006,te_in,Dravidian,1067.0,0.013120899718837863,0.02530459231490159,0.09090909090909091,0.0
te_in_s007,te_in,Dravidian,754.0,0.013262599469496022,0.013262599469496022,0.08488063660477453,0.0
te_in_s008,te_in,Dravidian,1049.0,0.005719733079122974,0.02478551000953289,0.09151572926596759,0.0
te_in_s009,te_in,Dravidian,1189.0,0.01345668629100084,0.018502943650126155,0.08746846089150546,0.0
te_in_s010,te_in,Dravidian,1061.0,0.012252591894439209,0.01885014137606032,0.08953817153628653,0.0
te_in_s011,te_in,Dravidian,865.0,0.015028901734104046,0.010404624277456647,0.09017341040462427,0.0
te_in_s012,te_in,Dravidian,1181.0,0.013547840812870448,0.02201524132091448,0.08975444538526672,0.0
te_in_s013,te_in,Dravidian,1153.0,0.011274934952298352,0.013009540329575022,0.08846487424111014,0.0
te_in_s014,te_in,Dravidian,907.0,0.014332965821389196,0.020948180815876516,0.0970231532524807,0.0
te_in_s015,te_in,Dravidian,1034.0,0.004835589941972921,0.0183752417794971,0.11411992263056092,0.0
te_in_s016,te_in,Dravidian,904.0,0.011061946902654867,0.015486725663716814,0.10176991150442478,0.0
te_in_s017,te_in,Dravidian,736.0,0.002717391304347826,0.012228260869565218,0.11277173913043478,0.0
te_in_s018,te_in,Dravidian,988.0,0.010121457489878543,0.02327935222672065,0.10020242914979757,0.0
te_in_s019,te_in,Dravidian,863.0,0.009269988412514484,0.01738122827346466,0.06488991888760139,0.0
kn_in_s000,kn_in,Dravidian,1518.0,0.014492753623188406,0.01383399209486166,0.06455862977602109,0.0
kn_in_s001,kn_in,Dravidian,1218.0,0.013957307060755337,0.010673234811165846,0.07060755336617405,0.0
kn_in_s002,kn_in,Dravidian,1011.0,0.006923837784371909,0.01582591493570722,0.07319485657764589,0.0
kn_in_s003,kn_in,Dravidian,1124.0,0.014234875444839857,0.014234875444839857,0.08362989323843416,0.0
kn_in_s004,kn_in,Dravidian,1181.0,0.011854360711261643,0.009314140558848433,0.0855207451312447,0.0
kn_in_s005,kn_in,Dravidian,1373.0,0.009468317552804079,0.01747997086671522,0.06409322651128915,0.0
kn_in_s006,kn_in,Dravidian,1174.0,0.022146507666098807,0.015332197614991482,0.06984667802385008,0.0
kn_in_s007,kn_in,Dravidian,1128.0,0.020390070921985817,0.007978723404255319,0.06471631205673758,0.0
kn_in_s008,kn_in,Dravidian,1148.0,0.01132404181184669,0.023519163763066203,0.078397212543554,0.0
kn_in_s009,kn_in,Dravidian,975.0,0.020512820512820513,0.010256410256410256,0.08205128205128205,0.0
kn_in_s010,kn_in,Dravidian,1100.0,0.014545454545454545,0.016363636363636365,0.07454545454545454,0.0
kn_in_s011,kn_in,Dravidian,1580.0,0.008860759493670886,0.015822784810126583,0.048734177215189876,0.0
kn_in_s012,kn_in,Dravidian,951.0,0.00946372239747634,0.014721345951629864,0.05362776025236593,0.0
kn_in_s013,kn_in,Dravidian,1241.0,0.007252215954875101,0.016116035455278,0.0781627719580983,0.0
kn_in_s014,kn_in,Dravidian,1508.0,0.014588859416445624,0.021220159151193633,0.07427055702917772,0.0
kn_in_s015,kn_in,Dravidian,1347.0,0.009651076466221232,0.011135857461024499,0.066815144766147,0.0
kn_in_s016,kn_in,Dravidian,1293.0,0.013147718484145398,0.013921113689095127,0.07965970610982212,0.0
kn_in_s017,kn_in,Dravidian,1666.0,0.014405762304921969,0.014405762304921969,0.06482593037214886,0.0
kn_in_s018,kn_in,Dravidian,1008.0,0.007936507936507936,0.011904761904761904,0.07341269841269842,0.0
kn_in_s019,kn_in,Dravidian,1457.0,0.008236101578586136,0.015099519560741249,0.06794783802333562,0.0
