session_id,lang,source,wav,label_file,duration_s,annotated,reference_transcript
as_in_s008,as_in,synthetic,./run/03_benchmark/human_gold/as_in_s008.wav,./run/03_benchmark/human_gold/as_in_s008_TEMPLATE.txt,45.0,0,
as_in_s009,as_in,synthetic,./run/03_benchmark/human_gold/as_in_s009.wav,./run/03_benchmark/human_gold/as_in_s009_TEMPLATE.txt,45.0,0,
bn_in_s008,bn_in,synthetic,./run/03_benchmark/human_gold/bn_in_s008.wav,./run/03_benchmark/human_gold/bn_in_s008_TEMPLATE.txt,45.0,0,
bn_in_s009,bn_in,synthetic,./run/03_benchmark/human_gold/bn_in_s009.wav,./run/03_benchmark/human_gold/bn_in_s009_TEMPLATE.txt,45.0,0,
gu_in_s008,gu_in,synthetic,./run/03_benchmark/human_gold/gu_in_s008.wav,./run/03_benchmark/human_gold/gu_in_s008_TEMPLATE.txt,45.0,0,
gu_in_s009,gu_in,synthetic,./run/03_benchmark/human_gold/gu_in_s009.wav,./run/03_benchmark/human_gold/gu_in_s009_TEMPLATE.txt,45.0,0,
hi_in_s008,hi_in,synthetic,./run/03_benchmark/human_gold/hi_in_s008.wav,./run/03_benchmark/human_gold/hi_in_s008_TEMPLATE.txt,45.0,0,
hi_in_s009,hi_in,synthetic,./run/03_benchmark/human_gold/hi_in_s009.wav,./run/03_benchmark/human_gold/hi_in_s009_TEMPLATE.txt,45.0,0,
kn_in_s008,kn_in,synthetic,./run/03_benchmark/human_gold/kn_in_s008.wav,./run/03_benchmark/human_gold/kn_in_s008_TEMPLATE.txt,45.0,0,
kn_in_s009,kn_in,synthetic,./run/03_benchmark/human_gold/kn_in_s009.wav,./run/03_benchmark/human_gold/kn_in_s009_TEMPLATE.txt,45.0,0,
ml_in_s008,ml_in,synthetic,./run/03_benchmark/human_gold/ml_in_s008.wav,./run/03_benchmark/human_gold/ml_in_s008_TEMPLATE.txt,45.0,0,
ml_in_s009,ml_in,synthetic,./run/03_benchmark/human_gold/ml_in_s009.wav,./run/03_benchmark/human_gold/ml_in_s009_TEMPLATE.txt,45.0,0,
mr_in_s008,mr_in,synthetic,./run/03_benchmark/human_gold/mr_in_s008.wav,./run/03_benchmark/human_gold/mr_in_s008_TEMPLATE.txt,45.0,0,
mr_in_s009,mr_in,synthetic,./run/03_benchmark/human_gold/mr_in_s009.wav,./run/03_benchmark/human_gold/mr_in_s009_TEMPLATE.txt,45.0,0,
ne_np_s008,ne_np,synthetic,./run/03_benchmark/human_gold/ne_np_s008.wav,./run/03_benchmark/human_gold/ne_np_s008_TEMPLATE.txt,45.0,0,
ne_np_s009,ne_np,synthetic,./run/03_benchmark/human_gold/ne_np_s009.wav,./run/03_benchmark/human_gold/ne_np_s009_TEMPLATE.txt,45.0,0,
or_in_s008,or_in,synthetic,./run/03_benchmark/human_gold/or_in_s008.wav,./run/03_benchmark/human_gold/or_in_s008_TEMPLATE.txt,45.0,0,
or_in_s009,or_in,synthetic,./run/03_benchmark/human_gold/or_in_s009.wav,./run/03_benchmark/human_gold/or_in_s009_TEMPLATE.txt,45.0,0,
pa_in_s008,pa_in,synthetic,./run/03_benchmark/human_gold/pa_in_s008.wav,./run/03_benchmark/human_gold/pa_in_s008_TEMPLATE.txt,45.0,0,
pa_in_s009,pa_in,synthetic,./run/03_benchmark/human_gold/pa_in_s009.wav,./run/03_benchmark/human_gold/pa_in_s009_TEMPLATE.txt,45.0,0,
ta_in_s008,ta_in,synthetic,./run/03_benchmark/human_gold/ta_in_s008.wav,./run/03_benchmark/human_gold/ta_in_s008_TEMPLATE.txt,45.0,0,
ta_in_s009,ta_in,synthetic,./run/03_benchmark/human_gold/ta_in_s009.wav,./run/03_benchmark/human_gold/ta_in_s009_TEMPLATE.txt,45.0,0,
te_in_s008,te_in,synthetic,./run/03_benchmark/human_gold/te_in_s008.wav,./run/03_benchmark/human_gold/te_in_s008_TEMPLATE.txt,45.0,0,
te_in_s009,te_in,synthetic,./run/03_benchmark/human_gold/te_in_s009.wav,./run/03_benchmark/human_gold/te_in_s009_TEMPLATE.txt,45.0,0,
ur_pk_s008,ur_pk,synthetic,./run/03_benchmark/human_gold/ur_pk_s008.wav,./run/03_benchmark/human_gold/ur_pk_s008_TEMPLATE.txt,45.0,0,
ur_pk_s009,ur_pk,synthetic,./run/03_benchmark/human_gold/ur_pk_s009.wav,./run/03_benchmark/human_gold/ur_pk_s009_TEMPLATE.txt,45.0,0,
real_hi_in_000,hi_in,real_indicvoices,./run/03_benchmark/human_gold/real/real_hi_in_000.wav,./run/03_benchmark/human_gold/real/real_hi_in_000_TEMPLATE.txt,5.729,0,स्थानीय कला रूप या शिल्प होसंगाबाद जिले के लिए एक
real_hi_in_001,hi_in,real_indicvoices,./run/03_benchmark/human_gold/real/real_hi_in_001.wav,./run/03_benchmark/human_gold/real/real_hi_in_001_TEMPLATE.txt,2.808,0,अनोखे हैं ये कला के रूप में
real_hi_in_002,hi_in,real_indicvoices,./run/03_benchmark/human_gold/real/real_hi_in_002.wav,./run/03_benchmark/human_gold/real/real_hi_in_002_TEMPLATE.txt,9.619,0,काफ़ी महत्वपूर्ण दृश्य है यहाँ पे प्राचीन सांस्कृतिक
real_hi_in_003,hi_in,real_indicvoices,./run/03_benchmark/human_gold/real/real_hi_in_003.wav,./run/03_benchmark/human_gold/real/real_hi_in_003_TEMPLATE.txt,8.653,0,धार्मिक ये एक धार्मिक स्थान भी जैसे होसंगाबाद जिले में पचमढ़ी एक ऐसा स्थान है जहाँ पे
real_hi_in_004,hi_in,real_indicvoices,./run/03_benchmark/human_gold/real/real_hi_in_004.wav,./run/03_benchmark/human_gold/real/real_hi_in_004_TEMPLATE.txt,1.128,0,धार्मिक स्थान है
real_hi_in_005,hi_in,real_indicvoices,./run/03_benchmark/human_gold/real/real_hi_in_005.wav,./run/03_benchmark/human_gold/real/real_hi_in_005_TEMPLATE.txt,1.6,0,वहाँ पे धार्मिक भी है
real_hi_in_006,hi_in,real_indicvoices,./run/03_benchmark/human_gold/real/real_hi_in_006.wav,./run/03_benchmark/human_gold/real/real_hi_in_006_TEMPLATE.txt,2.338,0,और धार्मिक के साथ वहाँ पर
real_hi_in_007,hi_in,real_indicvoices,./run/03_benchmark/human_gold/real/real_hi_in_007.wav,./run/03_benchmark/human_gold/real/real_hi_in_007_TEMPLATE.txt,10.748,0,काफ़ी दृश्यों का नजारा देखने को मिलता है जैसे कि वहाँ पर हाइवे पर हम हम लोगों को जाते समय हाइवे ये होसंगाबाद से लगभग
real_hi_in_008,hi_in,real_indicvoices,./run/03_benchmark/human_gold/real/real_hi_in_008.wav,./run/03_benchmark/human_gold/real/real_hi_in_008_TEMPLATE.txt,9.273,0,सौ किलोमीटर दूर स्थित है पचमढ़ी जिस पर हम नजारा देखते जाते हैं तो एक पहली बात करें तो ये जल बन
real_hi_in_009,hi_in,real_indicvoices,./run/03_benchmark/human_gold/real/real_hi_in_009.wav,./run/03_benchmark/human_gold/real/real_hi_in_009_TEMPLATE.txt,5.026,0,प्राणियों के इसमें दर्शन भी होते हैं उसके साथ साथ
real_hi_in_010,hi_in,real_indicvoices,./run/03_benchmark/human_gold/real/real_hi_in_010.wav,./run/03_benchmark/human_gold/real/real_hi_in_010_TEMPLATE.txt,6.208,0,हम लोग रोड पर भी इसका नागिन मोड़ों का भी काफ़ी नजारा देखने को मिलता है
real_hi_in_011,hi_in,real_indicvoices,./run/03_benchmark/human_gold/real/real_hi_in_011.wav,./run/03_benchmark/human_gold/real/real_hi_in_011_TEMPLATE.txt,5.492,0,फिर आगे बढ़ते जाएँ तो हम लोगों को वहाँ पर बहुत बड़े पहाड़ हैं
real_hi_in_012,hi_in,real_indicvoices,./run/03_benchmark/human_gold/real/real_hi_in_012.wav,./run/03_benchmark/human_gold/real/real_hi_in_012_TEMPLATE.txt,6.754,0,उन पर भी प्राचीन मंदिर का भी हम लोगों को वहाँ पे दृश्य नजर आता है
real_bn_in_000,bn_in,real_indicvoices,./run/03_benchmark/human_gold/real/real_bn_in_000.wav,./run/03_benchmark/human_gold/real/real_bn_in_000_TEMPLATE.txt,3.456,0,পূর্ব বর্ধমান পশ্চিম বর্ধমান বাঁকুড়া বীরভূম হাওড়া
real_bn_in_001,bn_in,real_indicvoices,./run/03_benchmark/human_gold/real/real_bn_in_001.wav,./run/03_benchmark/human_gold/real/real_bn_in_001_TEMPLATE.txt,7.936,0,পাঁচই অগ্রাহণ সাতই জৈষ্ঠ নয়ই মাঘ তেরোই ফাল্গুন চারই বৈশাখ
real_bn_in_002,bn_in,real_indicvoices,./run/03_benchmark/human_gold/real/real_bn_in_002.wav,./run/03_benchmark/human_gold/real/real_bn_in_002_TEMPLATE.txt,6.6101875,0,এটি প্রাথমিক ও মাধ্যমিক বিদ্যালয়ের শিশুদের জন্য একটি সরকারি ছুটির দিন
real_bn_in_003,bn_in,real_indicvoices,./run/03_benchmark/human_gold/real/real_bn_in_003.wav,./run/03_benchmark/human_gold/real/real_bn_in_003_TEMPLATE.txt,10.868,0,পর্যবেক্ষণ করা আমার সব থেকে প্রিয় পাখি হয়েছে টিয়া পাখি যেটা সচরাচর আমরা ঘরেতে পালন করেও থাকি কিন্তু এছাড়াও শালিক যেটাকে আমি আরও পছন্দ করি
real_bn_in_004,bn_in,real_indicvoices,./run/03_benchmark/human_gold/real/real_bn_in_004.wav,./run/03_benchmark/human_gold/real/real_bn_in_004_TEMPLATE.txt,15.233,0,তার সকালে কিচিরমিচির আওয়াজ তার সঙ্গম প্রদর্শন গাছের মধ্যে তাদের বাসা বাঁধা এক স্থান থেকে অন্য স্থানে যাওয়া এইগুলো আমার খুব আনন্দিত লাগে আমার মনকে প্রচণ্ড প্রভাবিত করে তোলে কারণ পাখি
real_bn_in_005,bn_in,real_indicvoices,./run/03_benchmark/human_gold/real/real_bn_in_005.wav,./run/03_benchmark/human_gold/real/real_bn_in_005_TEMPLATE.txt,4.253,0,একটা প্রাকৃতিক পরিবেশের সব থেকে বড়ো সৌন্দর্য যেটা আমরা প্রত্যেকেই জেনে থাকি
real_bn_in_006,bn_in,real_indicvoices,./run/03_benchmark/human_gold/real/real_bn_in_006.wav,./run/03_benchmark/human_gold/real/real_bn_in_006_TEMPLATE.txt,8.499,0,তাই তার প্রত্যেকটা ভঙ্গিমা তার আচার আচরণ এইগুলো আমার সত্যিই খুব ভালো লাগে এইগুলো দেখে আমি সত্যিই খুব আপ্লুত হয়ে থাকি
real_bn_in_007,bn_in,real_indicvoices,./run/03_benchmark/human_gold/real/real_bn_in_007.wav,./run/03_benchmark/human_gold/real/real_bn_in_007_TEMPLATE.txt,17.031,0,তার বাসা বানানো এবং প্রতিদিন সকালে আমাদের বাড়ির ছাদেতে এসে বসা এবং তাকে খেতে দেওয়া এই আচরণগুলো আমরা খুব ভালোবাসি এবং সব থেকে বড়ো জিনিস পাখি আমাদের ভাষা বোঝে যদি আমরা তাদেরকে ভালোবেসে ডাকি তাই এই পর
real_bn_in_008,bn_in,real_indicvoices,./run/03_benchmark/human_gold/real/real_bn_in_008.wav,./run/03_benchmark/human_gold/real/real_bn_in_008_TEMPLATE.txt,14.848,0,আমার সৌরাষ্ট্র গ্রামীণ ব্যাঙ্ক অ্যাকাউন্ট সাত ছয় দুই তিন চার আট দুই আট তিন আট আট ছয় চার সাত ইওনো এসবিআই সমর্থন করে কিনা তা পরীক্ষা করতে পার
real_mr_in_000,mr_in,real_indicvoices,./run/03_benchmark/human_gold/real/real_mr_in_000.wav,./run/03_benchmark/human_gold/real/real_mr_in_000_TEMPLATE.txt,17.865,0,एकोणऐंशी सतरा अडुसष्ट अठ्ठ्याऐंशी शहाऐंशी तीन फोन नंबरवर ओ टी पी पाठवला गेला आहे कृपया लाभार्थी नाव अबोली कळसणेचे लस प्रमाणपत्र डाऊनलोड करण्यासाठी तो प्रविष्ट करा
real_mr_in_001,mr_in,real_indicvoices,./run/03_benchmark/human_gold/real/real_mr_in_001.wav,./run/03_benchmark/human_gold/real/real_mr_in_001_TEMPLATE.txt,5.193,0,मी गेल्या चार महिन्यात कर्जाच्या हप्त्यावर किती खर्च केला
real_mr_in_002,mr_in,real_indicvoices,./run/03_benchmark/human_gold/real/real_mr_in_002.wav,./run/03_benchmark/human_gold/real/real_mr_in_002_TEMPLATE.txt,1.703,0,नमस्कार बोला
real_mr_in_003,mr_in,real_indicvoices,./run/03_benchmark/human_gold/real/real_mr_in_003.wav,./run/03_benchmark/human_gold/real/real_mr_in_003_TEMPLATE.txt,1.978,0,आम्हाला ते किराणामध्ये
real_mr_in_004,mr_in,real_indicvoices,./run/03_benchmark/human_gold/real/real_mr_in_004.wav,./run/03_benchmark/human_gold/real/real_mr_in_004_TEMPLATE.txt,2.177,0,आपलं होलसेल आहे ना म मार्केट
real_mr_in_005,mr_in,real_indicvoices,./run/03_benchmark/human_gold/real/real_mr_in_005.wav,./run/03_benchmark/human_gold/real/real_mr_in_005_TEMPLATE.txt,4.675,0,अच्छा अच्छा हा तेल तेल घ्यायचं होतं एक डबा
real_mr_in_006,mr_in,real_indicvoices,./run/03_benchmark/human_gold/real/real_mr_in_006.wav,./run/03_benchmark/human_gold/real/real_mr_in_006_TEMPLATE.txt,6.329,0,हा हा तर साखरचे आम्हाला प्राइस किती लागेल मग वीस किलो पाहिजे होती साखर
real_mr_in_007,mr_in,real_indicvoices,./run/03_benchmark/human_gold/real/real_mr_in_007.wav,./run/03_benchmark/human_gold/real/real_mr_in_007_TEMPLATE.txt,1.655,0,हो का आणि तेलाचा डबा
real_mr_in_008,mr_in,real_indicvoices,./run/03_benchmark/human_gold/real/real_mr_in_008.wav,./run/03_benchmark/human_gold/real/real_mr_in_008_TEMPLATE.txt,1.944,0,हो का त्यामध्ये जे डिस्काउंट वगैरे
real_mr_in_009,mr_in,real_indicvoices,./run/03_benchmark/human_gold/real/real_mr_in_009.wav,./run/03_benchmark/human_gold/real/real_mr_in_009_TEMPLATE.txt,2.457,0,आणि आंघोळीचे साबण संतूर
real_mr_in_010,mr_in,real_indicvoices,./run/03_benchmark/human_gold/real/real_mr_in_010.wav,./run/03_benchmark/human_gold/real/real_mr_in_010_TEMPLATE.txt,1.536,0,बरं बरं चहा <unintelligible>
real_mr_in_011,mr_in,real_indicvoices,./run/03_benchmark/human_gold/real/real_mr_in_011.wav,./run/03_benchmark/human_gold/real/real_mr_in_011_TEMPLATE.txt,3.104,0,बरं म्हणजे बिलमधे तुम्ही मग थोडं डिस्काउंट लावाल
real_mr_in_012,mr_in,real_indicvoices,./run/03_benchmark/human_gold/real/real_mr_in_012.wav,./run/03_benchmark/human_gold/real/real_mr_in_012_TEMPLATE.txt,1.809,0,बरं बरं कुठलाही माल घेतला तरी
real_mr_in_013,mr_in,real_indicvoices,./run/03_benchmark/human_gold/real/real_mr_in_013.wav,./run/03_benchmark/human_gold/real/real_mr_in_013_TEMPLATE.txt,2.176,0,हो का बरं आम्हाला
real_mr_in_014,mr_in,real_indicvoices,./run/03_benchmark/human_gold/real/real_mr_in_014.wav,./run/03_benchmark/human_gold/real/real_mr_in_014_TEMPLATE.txt,2.057,0,बरं संतूर साबण करा एक डझन
real_mr_in_015,mr_in,real_indicvoices,./run/03_benchmark/human_gold/real/real_mr_in_015.wav,./run/03_benchmark/human_gold/real/real_mr_in_015_TEMPLATE.txt,1.048,0,नंतर रील साबण
real_mr_in_016,mr_in,real_indicvoices,./run/03_benchmark/human_gold/real/real_mr_in_016.wav,./run/03_benchmark/human_gold/real/real_mr_in_016_TEMPLATE.txt,5.152,0,दुकान नाही घरगुतीच वापरासाठी पाहिजे आम्हाला आमचा परिवार मोठा आहे का नाही परिवार
real_mr_in_017,mr_in,real_indicvoices,./run/03_benchmark/human_gold/real/real_mr_in_017.wav,./run/03_benchmark/human_gold/real/real_mr_in_017_TEMPLATE.txt,11.258,0,त्यामुळं एकदाचं महिन्याचा आम्ही किराणा भरून टाकतो तर तुमच्या श्रीराम मार्केटचं खूपदा नाव ऐकलं आता एकदा तुमच्याकडून खरेदी करून बघावं म्हटलं
real_mr_in_018,mr_in,real_indicvoices,./run/03_benchmark/human_gold/real/real_mr_in_018.wav,./run/03_benchmark/human_gold/real/real_mr_in_018_TEMPLATE.txt,1.864,0,हा रवा करा पाच किलो
real_gu_in_000,gu_in,real_indicvoices,./run/03_benchmark/human_gold/real/real_gu_in_000.wav,./run/03_benchmark/human_gold/real/real_gu_in_000_TEMPLATE.txt,1.296,0,ઉપર
real_gu_in_001,gu_in,real_indicvoices,./run/03_benchmark/human_gold/real/real_gu_in_001.wav,./run/03_benchmark/human_gold/real/real_gu_in_001_TEMPLATE.txt,17.305,0,નમસ્તે હું વીસ એપ્રિલ બે હજાર ચોવીસના દિવસે બપોરે ત્રણ અને પિસ્તાળીસ વાગ્યે રાષ્ટ્રીય સ્વાસ્થ્ય વીમા યોજના હેઠળ આરોગ્ય તપાસની મુલાકાત બુક કરવા માગું છું શું તમે મને આ પ્રક્રિયામાં માર્ગદર્શન આપી શકો છ
real_gu_in_002,gu_in,real_indicvoices,./run/03_benchmark/human_gold/real/real_gu_in_002.wav,./run/03_benchmark/human_gold/real/real_gu_in_002_TEMPLATE.txt,2.079,0,હ સર નમસ્કાર
real_gu_in_003,gu_in,real_indicvoices,./run/03_benchmark/human_gold/real/real_gu_in_003.wav,./run/03_benchmark/human_gold/real/real_gu_in_003_TEMPLATE.txt,6.208,0,આજનો દિવસ સારો છે પણ થોડી સર્વિસિસ વધી ગઈ આજે બધાય કસ્ટમર એટલા એક પછી એક આવતા હતાને
real_gu_in_004,gu_in,real_indicvoices,./run/03_benchmark/human_gold/real/real_gu_in_004.wav,./run/03_benchmark/human_gold/real/real_gu_in_004_TEMPLATE.txt,9.664,0,સર્વિસમાં પાસબુક પ્રિન્ટિંગ ને ક્રેડિટ કાર્ડ ને થોડાક ના બધાયના બિલના ઈસુ આતા ને ક્રેડિટ કાર્ડના પાસબુક પ્રિન્ટિંગ ને એફડી ચાલુ બંધ કરવાની ને
real_gu_in_005,gu_in,real_indicvoices,./run/03_benchmark/human_gold/real/real_gu_in_005.wav,./run/03_benchmark/human_gold/real/real_gu_in_005_TEMPLATE.txt,6.303,0,ઉલૂ આજે ડિજિટલનું તમે સવારે કીધું હતું ને પેલું એ અકાઉંટ ઓપન કરવાના બધાય ઑનલાઇન
real_gu_in_006,gu_in,real_indicvoices,./run/03_benchmark/human_gold/real/real_gu_in_006.wav,./run/03_benchmark/human_gold/real/real_gu_in_006_TEMPLATE.txt,5.729,0,આજે ટોટલ અગિયાર જેવા થયા છે નવા કસ્ટમરના
real_gu_in_007,gu_in,real_indicvoices,./run/03_benchmark/human_gold/real/real_gu_in_007.wav,./run/03_benchmark/human_gold/real/real_gu_in_007_TEMPLATE.txt,10.528,0,રિકવરીમાં બે લોકો સાથે વાત થાય છે એ લોકો આ વીકમાં છે ને પેમેન્ટ કરી નાખશે એક જણ પાસ્યાલ કરશે બાકીના ફૂલ પેમેન્ટ કરશે
real_gu_in_008,gu_in,real_indicvoices,./run/03_benchmark/human_gold/real/real_gu_in_008.wav,./run/03_benchmark/human_gold/real/real_gu_in_008_TEMPLATE.txt,2.368,0,ના હજી આવ્યું નથી
real_gu_in_009,gu_in,real_indicvoices,./run/03_benchmark/human_gold/real/real_gu_in_009.wav,./run/03_benchmark/human_gold/real/real_gu_in_009_TEMPLATE.txt,16.575,0,હા સર બધાય છે બધાય પણ બધા એમ્પ્લોય હું છે થોડુક ટાર્ગેટ ને એ કહીએ છે ને તો એ સિરિયસલી લેતા નથી એનું રૂટિન જે ઓફિસ વર્ક છે ને એ જ ખાલી કર્યે રાખે છે નવું અકાઉંટ ઓપેનઈંગમાં ને કસ્ટમરને બહુ એટલી વાત નથી 
real_pa_in_000,pa_in,real_indicvoices,./run/03_benchmark/human_gold/real/real_pa_in_000.wav,./run/03_benchmark/human_gold/real/real_pa_in_000_TEMPLATE.txt,5.913,0,ਕੀ ਤੁਸੀਂਂ ਜਾਂਚ ਕਰ ਸਕਦੇ ਹੋ ਕਿ ਮੇਰੀ ਇਸ ਮਹੀਨੇ ਦੀ ਤਨਖਾਹ
real_pa_in_001,pa_in,real_indicvoices,./run/03_benchmark/human_gold/real/real_pa_in_001.wav,./run/03_benchmark/human_gold/real/real_pa_in_001_TEMPLATE.txt,18.283,0,ਪੁਡੈਵੈ ਭਰਥਿਅਰ ਗ੍ਰਾਮ ਬੈਂਕ ਵਿੱਚ ਮੇਰੇ ਬੈਂਕ ਖਾਤੇ ਚਾਰ ਸੱਤ ਦੋ ਛੇ ਦੋ ਦੋ ਅੱਠ ਤਿੰਨ ਅੱਠ ਚਾਰ ਇੱਕ ਵਿੱਚ ਕ੍ਰੈਡਿਟ ਹੋਈ ਹੈ
real_pa_in_002,pa_in,real_indicvoices,./run/03_benchmark/human_gold/real/real_pa_in_002.wav,./run/03_benchmark/human_gold/real/real_pa_in_002_TEMPLATE.txt,20.0,0,ਅਤੇ ਜੇਕਰ ਹੋਈ ਹੈ ਤਾਂ ਰੁਪਏ ਸੀਟਰਸ ਰਾਹੀਂ ਏਅਰਟੈੱਲ ਪੇਮੈਂਟ ਬੈਂਕ ਵਿੱਚ ਚਾਰ ਸੌ ਤੋਂ ਨੌਂ ਅੱਠ ਚਾਰ ਛੇ ਛੇ ਛੇ ਇੱਕ ਸੱਤ ਤਿੰਨ ਨੌਂ ਦੋ ਟ੍ਰਾਂਸਫਰ ਕਰ ਸਕਦੇ ਹੋ
real_pa_in_003,pa_in,real_indicvoices,./run/03_benchmark/human_gold/real/real_pa_in_003.wav,./run/03_benchmark/human_gold/real/real_pa_in_003_TEMPLATE.txt,5.832,0,ਯੋਗਾ ਦਾ ਅਭਿਆਸ ਕਰਨ ਤੋਂ ਬਾਅਦ ਮੇਰੇ ਜੀਵਨ ਵਿੱਚ ਬਹੁਤ ਸਾਰੇ ਸਕਾਰਾਤਮਕ ਬਦਲਾਅ ਆਏ ਹਨ
real_pa_in_004,pa_in,real_indicvoices,./run/03_benchmark/human_gold/real/real_pa_in_004.wav,./run/03_benchmark/human_gold/real/real_pa_in_004_TEMPLATE.txt,8.126,0,ਇਹ ਸਿਰਫ਼ ਸਰੀਰਕ ਕਸਰਤ ਹੀ ਨਹੀਂ ਸਗੋਂ ਮੇਰੇ ਮਨ ਸਰੀਰ ਅਤੇ ਆਤਮਾ ਨੂੰ ਜੋੜਨ ਦਾ ਇੱਕ ਸ਼ਕਤੀਸ਼ਾਲੀ ਤਰੀਕਾ ਬਣ ਗਿਆ ਹੈ
real_pa_in_005,pa_in,real_indicvoices,./run/03_benchmark/human_gold/real/real_pa_in_005.wav,./run/03_benchmark/human_gold/real/real_pa_in_005_TEMPLATE.txt,15.285,0,ਸਰੀਰਕ ਤੌਰ 'ਤੇ ਮੈਂ ਆਪਣੇ ਲਚਕਤਾ ਵਿੱਚ ਬਹੁਤ ਸੁਧਾਰ ਦੇਖਿਆ ਹੈ ਪਹਿਲਾ ਮੈਂ ਕੁਝ ਆਸਣ ਕਰਨ ਵਿੱਚ ਅਸਮਰੱਥ ਸੀ ਪਰ ਹੁਣ ਮੈਂ ਆਸਾਨੀ ਨਾਲ ਕਰ ਸਕਦਾ ਹਾਂ ਮੇਰੀ ਤਾਕਤ ਵੀ ਵਧੀ ਹੈ ਖ਼ਾਸ ਕਰਕੇ ਮੇਰੇ
real_pa_in_006,pa_in,real_indicvoices,./run/03_benchmark/human_gold/real/real_pa_in_006.wav,./run/03_benchmark/human_gold/real/real_pa_in_006_TEMPLATE.txt,10.288,0,ਕੋਰ ਮਾਸਪੇਸ਼ੀਆਂ ਵਿੱਚ ਮੈਂ ਹੁਣ ਵਧੇਰੇ ਊਰਜਾ ਵਾਨ ਮਹਿਸੂਸ ਕਰਦਾ ਹਾਂ ਅਤੇ ਮੇਰੀ ਨੀਂਦ ਵੀ ਬਿਹਤਰ ਹੋ ਗਈ ਹੈ
real_or_in_000,or_in,real_indicvoices,./run/03_benchmark/human_gold/real/real_or_in_000.wav,./run/03_benchmark/human_gold/real/real_or_in_000_TEMPLATE.txt,11.871,0,ଅଧିକାରୀ ମାନେ ବିଶ୍ୱାସ କରନ୍ତି ଯେ ଉକ୍ତ ଆକ୍ରମଣଟି ପାଇଁ ଅଲ କାଏଦା ଦାୟୀ ଯାହା ତେପନ ଜଣ ଲୋକଙ୍କର ପ୍ରାଣ ନେଇଥିଲା ଏବଂ ପ୍ରାୟ ତିନିଶହଙ୍କୁ ଆହତ କରିଥିଲା
real_or_in_001,or_in,real_indicvoices,./run/03_benchmark/human_gold/real/real_or_in_001.wav,./run/03_benchmark/human_gold/real/real_or_in_001_TEMPLATE.txt,4.865,0,ଗ୍ରାମୀଣ କୃଷି କୃଷିରେ କୁଶଳୀ ଶ୍ରମିକ ଖୋଜିବା
real_or_in_002,or_in,real_indicvoices,./run/03_benchmark/human_gold/real/real_or_in_002.wav,./run/03_benchmark/human_gold/real/real_or_in_002_TEMPLATE.txt,1.409,0,ଏବଂ ବଜାୟ ରଖିବାର
real_or_in_003,or_in,real_indicvoices,./run/03_benchmark/human_gold/real/real_or_in_003.wav,./run/03_benchmark/human_gold/real/real_or_in_003_TEMPLATE.txt,1.601,0,ସେମାନଙ୍କର କାମ
real_or_in_004,or_in,real_indicvoices,./run/03_benchmark/human_gold/real/real_or_in_004.wav,./run/03_benchmark/human_gold/real/real_or_in_004_TEMPLATE.txt,1.12,0,ସେହିଭଳି ଭାବରେ
real_or_in_005,or_in,real_indicvoices,./run/03_benchmark/human_gold/real/real_or_in_005.wav,./run/03_benchmark/human_gold/real/real_or_in_005_TEMPLATE.txt,1.121,0,ଜାରି ରଖିବା
real_or_in_006,or_in,real_indicvoices,./run/03_benchmark/human_gold/real/real_or_in_006.wav,./run/03_benchmark/human_gold/real/real_or_in_006_TEMPLATE.txt,2.464,0,ଆଜିକାଲି ସମୟର
real_or_in_007,or_in,real_indicvoices,./run/03_benchmark/human_gold/real/real_or_in_007.wav,./run/03_benchmark/human_gold/real/real_or_in_007_TEMPLATE.txt,1.313,0,ପରିବର୍ତ୍ତନ ହେତୁ
real_or_in_008,or_in,real_indicvoices,./run/03_benchmark/human_gold/real/real_or_in_008.wav,./run/03_benchmark/human_gold/real/real_or_in_008_TEMPLATE.txt,2.464,0,ସେମାନଙ୍କର ପାରିଶ୍ରମିକର
real_or_in_009,or_in,real_indicvoices,./run/03_benchmark/human_gold/real/real_or_in_009.wav,./run/03_benchmark/human_gold/real/real_or_in_009_TEMPLATE.txt,1.601,0,ମୂଲ୍ୟ ପାଉନଥିବାରୁ
real_or_in_010,or_in,real_indicvoices,./run/03_benchmark/human_gold/real/real_or_in_010.wav,./run/03_benchmark/human_gold/real/real_or_in_010_TEMPLATE.txt,1.024,0,ବାଧ୍ୟ ହୋଇ
real_or_in_011,or_in,real_indicvoices,./run/03_benchmark/human_gold/real/real_or_in_011.wav,./run/03_benchmark/human_gold/real/real_or_in_011_TEMPLATE.txt,2.848,0,ସମସ୍ୟାକୁ ସମାଧାନ କରିବା ପାଇଁ ପ୍ରତିଦିନର
real_or_in_012,or_in,real_indicvoices,./run/03_benchmark/human_gold/real/real_or_in_012.wav,./run/03_benchmark/human_gold/real/real_or_in_012_TEMPLATE.txt,1.215,0,ବାହାରେ କାମ କରିବାକୁ
real_or_in_013,or_in,real_indicvoices,./run/03_benchmark/human_gold/real/real_or_in_013.wav,./run/03_benchmark/human_gold/real/real_or_in_013_TEMPLATE.txt,4.19,0,ଆଜିକାଲି ଦିନ ମଜୁରିଆଙ୍କ ବର୍ତ୍ତମାନ ମଜୁରୀ
real_or_in_014,or_in,real_indicvoices,./run/03_benchmark/human_gold/real/real_or_in_014.wav,./run/03_benchmark/human_gold/real/real_or_in_014_TEMPLATE.txt,3.328,0,ଯାହାକି ତାଙ୍କ ପରିବାରର
real_or_in_015,or_in,real_indicvoices,./run/03_benchmark/human_gold/real/real_or_in_015.wav,./run/03_benchmark/human_gold/real/real_or_in_015_TEMPLATE.txt,1.216,0,ଗୁଜୁରାଣ ମେଣ୍ଟେଇବା
real_or_in_016,or_in,real_indicvoices,./run/03_benchmark/human_gold/real/real_or_in_016.wav,./run/03_benchmark/human_gold/real/real_or_in_016_TEMPLATE.txt,1.312,0,ଗ୍ରାମୀଣ କୃଷକ
real_or_in_017,or_in,real_indicvoices,./run/03_benchmark/human_gold/real/real_or_in_017.wav,./run/03_benchmark/human_gold/real/real_or_in_017_TEMPLATE.txt,1.121,0,କୁଶଳୀ ଶ୍ରମିକମାନେ
real_or_in_018,or_in,real_indicvoices,./run/03_benchmark/human_gold/real/real_or_in_018.wav,./run/03_benchmark/human_gold/real/real_or_in_018_TEMPLATE.txt,1.215,0,ସେମାନଙ୍କର ପରିଶ୍ରମ
real_or_in_019,or_in,real_indicvoices,./run/03_benchmark/human_gold/real/real_or_in_019.wav,./run/03_benchmark/human_gold/real/real_or_in_019_TEMPLATE.txt,7.358,0,ତାଙ୍କ କାମରେ ଠିକ୍ ଭାବରେ ପାଇପାରୁନଥିବାରୁ ସେମାନେ ବାଧ୍ୟ ହୋଇ ଅଲଗା ଜାଗାରେ
real_or_in_020,or_in,real_indicvoices,./run/03_benchmark/human_gold/real/real_or_in_020.wav,./run/03_benchmark/human_gold/real/real_or_in_020_TEMPLATE.txt,1.023,0,ବାହାରକୁ ପଳଉଛନ୍ତି
real_or_in_021,or_in,real_indicvoices,./run/03_benchmark/human_gold/real/real_or_in_021.wav,./run/03_benchmark/human_gold/real/real_or_in_021_TEMPLATE.txt,10.433,0,ବାହାର ରାଜ୍ୟ ଯେପରି ଭଲ ଭଲ କମ୍ପାନୀରେ ସେମାନେ କାମ କରି ନିଜର ପରିବାରର ସମସ୍ୟାକୁ ଭଲ ଭାବରେ
real_or_in_022,or_in,real_indicvoices,./run/03_benchmark/human_gold/real/real_or_in_022.wav,./run/03_benchmark/human_gold/real/real_or_in_022_TEMPLATE.txt,1.119,0,ଯଦି ସେମାନଙ୍କର
real_or_in_023,or_in,real_indicvoices,./run/03_benchmark/human_gold/real/real_or_in_023.wav,./run/03_benchmark/human_gold/real/real_or_in_023_TEMPLATE.txt,6.1120625,0,ମୂଲ୍ୟ ସରକାର <unintelligible> ତାଙ୍କୁ ଦେଇ ପାରିଥାନ୍ତେ ସେମାନେ
real_or_in_024,or_in,real_indicvoices,./run/03_benchmark/human_gold/real/real_or_in_024.wav,./run/03_benchmark/human_gold/real/real_or_in_024_TEMPLATE.txt,4.19,0,ସେଇ କାମ ପାଇଁ ନିଶ୍ଚିତ ସେଇ ସ୍ଥାନରେ ରହି କରିବାକୁ
real_as_in_000,as_in,real_indicvoices,./run/03_benchmark/human_gold/real/real_as_in_000.wav,./run/03_benchmark/human_gold/real/real_as_in_000_TEMPLATE.txt,4.575,0,সময়মতে ডেলিভাৰী দিয়াৰ বাবে বহুত বেছি ভাল লাগিল
real_as_in_001,as_in,real_indicvoices,./run/03_benchmark/human_gold/real/real_as_in_001.wav,./run/03_benchmark/human_gold/real/real_as_in_001_TEMPLATE.txt,10.191,0,মোৰ ডিফল্ট পে'জেপ একাউণ্টৰ পৰা মোৰ অন্য সংযোজিত একাউণ্টলৈ তিনি হাজাৰ টকা প্রচেছ কৰক
real_as_in_002,as_in,real_indicvoices,./run/03_benchmark/human_gold/real/real_as_in_002.wav,./run/03_benchmark/human_gold/real/real_as_in_002_TEMPLATE.txt,3.52,0,ডক্টৰ জিতেন্দ্ৰনাথ গোস্বামী জন ডেল্টন
real_as_in_003,as_in,real_indicvoices,./run/03_benchmark/human_gold/real/real_as_in_003.wav,./run/03_benchmark/human_gold/real/real_as_in_003_TEMPLATE.txt,13.119,0,জেমছ ছাৰ্লি ডাৰউইন মেৰি কিউৰি মোৰ প্ৰিয় বৈজ্ঞানিক ডক্টৰ জিতেন্দ্ৰনাথ গোস্বামী
real_as_in_004,as_in,real_indicvoices,./run/03_benchmark/human_gold/real/real_as_in_004.wav,./run/03_benchmark/human_gold/real/real_as_in_004_TEMPLATE.txt,2.368,0,দহ বিছ ত্ৰিছ চল্লিছ পঞ্চাছ
real_as_in_005,as_in,real_indicvoices,./run/03_benchmark/human_gold/real/real_as_in_005.wav,./run/03_benchmark/human_gold/real/real_as_in_005_TEMPLATE.txt,14.689,0,মই ছেভেন নাইন জিৰ' ফ'ৰ ফাইভ ছেভেন টু ছিক্স ডাবুল টু নাইন এইট এইচ ডি এফ চি বেঙ্কৰ পৰা আশী হাজাৰ টকা পাইছোঁনে নাই পৰীক্ষা কৰক
real_as_in_006,as_in,real_indicvoices,./run/03_benchmark/human_gold/real/real_as_in_006.wav,./run/03_benchmark/human_gold/real/real_as_in_006_TEMPLATE.txt,13.427,0,আমাৰ জীৱনকালত প্ৰযুক্তিৰ এক চূড়ান্ত প্ৰয়োজন আছে যি মানুহৰ জীৱনৰ গতি সামগ্ৰিক দৃষ্টিভংগীৰে সলনি কৰিব পাৰে
real_as_in_007,as_in,real_indicvoices,./run/03_benchmark/human_gold/real/real_as_in_007.wav,./run/03_benchmark/human_gold/real/real_as_in_007_TEMPLATE.txt,7.395,0,আমাৰ জীৱনকালত গুৰুত্বপূৰ্ণ প্ৰযুক্তিৰ পৰিৱৰ্তনবোৰ হ'ল শিক্ষা বিজ্ঞান
real_as_in_008,as_in,real_indicvoices,./run/03_benchmark/human_gold/real/real_as_in_008.wav,./run/03_benchmark/human_gold/real/real_as_in_008_TEMPLATE.txt,10.283,0,চিকিৎসা পৰিবহণ কৃষি ইত্যাদি ইত্যাদি বিষয়ত যথেষ্ট প্ৰযুক্তিৰ পৰিৱৰ্তন হৈছে
real_ne_np_000,ne_np,real_indicvoices,./run/03_benchmark/human_gold/real/real_ne_np_000.wav,./run/03_benchmark/human_gold/real/real_ne_np_000_TEMPLATE.txt,5.423,0,म मेरो स्वास्थ्य सुधार गर्न भेगनमा स्विच गर्दछु
real_ne_np_001,ne_np,real_indicvoices,./run/03_benchmark/human_gold/real/real_ne_np_001.wav,./run/03_benchmark/human_gold/real/real_ne_np_001_TEMPLATE.txt,10.516,0,मैले भर्खरै जबोङमा सर्टको लागि फिर्ता सुरु गरेको छु के तपाईँ पुष्टि गर्न सक्नुहुन्छ कि यो प्रशोधन गरिएको छ
real_ne_np_002,ne_np,real_indicvoices,./run/03_benchmark/human_gold/real/real_ne_np_002.wav,./run/03_benchmark/human_gold/real/real_ne_np_002_TEMPLATE.txt,19.263,0,म राष्ट्रिय पेन्सन प्रणालीका लागि दर्ता गर्न चाहन्छु के तपाईँ मलाई भर्ना प्रक्रियामा सहयोग गर्न सक्नु हुन्छ मेरो आधार नम्बर छ शून्य नौ नौ छ पाँच आठ नौ चार शून्य नौ दुई हो
real_ne_np_003,ne_np,real_indicvoices,./run/03_benchmark/human_gold/real/real_ne_np_003.wav,./run/03_benchmark/human_gold/real/real_ne_np_003_TEMPLATE.txt,5.823,0,हामी यस क्षेत्रमा छौँ कि यो क्षेत्रको नाम हाम्रो सनातन धर्म हो
real_ne_np_004,ne_np,real_indicvoices,./run/03_benchmark/human_gold/real/real_ne_np_004.wav,./run/03_benchmark/human_gold/real/real_ne_np_004_TEMPLATE.txt,6.496,0,हामी जुन यो सनातन धर्म बसेका छौँ जुन हामी यो ठाउँमा बसेका छौँ
real_ne_np_005,ne_np,real_indicvoices,./run/03_benchmark/human_gold/real/real_ne_np_005.wav,./run/03_benchmark/human_gold/real/real_ne_np_005_TEMPLATE.txt,4.383,0,त्यो ठाउँ हाम्रो ऋषिहरूले तप गरेको ठाउँ हो
real_ne_np_006,ne_np,real_indicvoices,./run/03_benchmark/human_gold/real/real_ne_np_006.wav,./run/03_benchmark/human_gold/real/real_ne_np_006_TEMPLATE.txt,1.311,0,हामी यो सनातन
real_ne_np_007,ne_np,real_indicvoices,./run/03_benchmark/human_gold/real/real_ne_np_007.wav,./run/03_benchmark/human_gold/real/real_ne_np_007_TEMPLATE.txt,6.592,0,धर्म बसेका छौँ यो सनातन धर्म भन्ने हाम्रो यो कहिले पनि नमासिने
real_ne_np_008,ne_np,real_indicvoices,./run/03_benchmark/human_gold/real/real_ne_np_008.wav,./run/03_benchmark/human_gold/real/real_ne_np_008_TEMPLATE.txt,7.743,0,त्यस्तो पवित्रमय मङ्गलमय आनन्दमय हामी यो विश्वमा बसेर
real_ne_np_009,ne_np,real_indicvoices,./run/03_benchmark/human_gold/real/real_ne_np_009.wav,./run/03_benchmark/human_gold/real/real_ne_np_009_TEMPLATE.txt,4.287,0,हामीले स्टेमको बढ्दो आवश्यकताहरू
real_ne_np_010,ne_np,real_indicvoices,./run/03_benchmark/human_gold/real/real_ne_np_010.wav,./run/03_benchmark/human_gold/real/real_ne_np_010_TEMPLATE.txt,2.847,0,धेरै कुराहरू हामीले परिवर्तन
real_ne_np_011,ne_np,real_indicvoices,./run/03_benchmark/human_gold/real/real_ne_np_011.wav,./run/03_benchmark/human_gold/real/real_ne_np_011_TEMPLATE.txt,1.312,0,हामी आजभन्दा
real_ur_pk_000,ur_pk,real_indicvoices,./run/03_benchmark/human_gold/real/real_ur_pk_000.wav,./run/03_benchmark/human_gold/real/real_ur_pk_000_TEMPLATE.txt,13.31,0,پانچ اگست دو ہزار بارہ چار جنوری دو ہزار تین چھ جنوری دو ہزار پندرہ آٹھ دسمبر دو ہزار بائیس چوبیس ستمبر دو ہزار انیس
real_ur_pk_001,ur_pk,real_indicvoices,./run/03_benchmark/human_gold/real/real_ur_pk_001.wav,./run/03_benchmark/human_gold/real/real_ur_pk_001_TEMPLATE.txt,10.24,0,نہیں ہم نے كبھی چولہے پر كھانا تو نہیں پكایا ہے پر ہماری امی بتایا كرتی ہیں كہ جب وہ چھوٹی تھیں تو چولہے پر كھانا بنایا كرتی تھیں
real_ur_pk_002,ur_pk,real_indicvoices,./run/03_benchmark/human_gold/real/real_ur_pk_002.wav,./run/03_benchmark/human_gold/real/real_ur_pk_002_TEMPLATE.txt,5.823,0,اور بہت اچھا بنایا كرتی تھیں یہ لیكن چولہے پر كھانا بنانے سے
real_ur_pk_003,ur_pk,real_indicvoices,./run/03_benchmark/human_gold/real/real_ur_pk_003.wav,./run/03_benchmark/human_gold/real/real_ur_pk_003_TEMPLATE.txt,11.201,0,یہ ہوتا ہے كہ برتن بہت زیادہ گندے ہوتے ہیں اور جب ان كو دھونا پڑتا ہے تو پھر بہت زیادہ محنت لگتی ہے اس كو دھونے میں كیونكہ سارے برتن كالے ہو چكے ہوتے ہیں
real_ur_pk_004,ur_pk,real_indicvoices,./run/03_benchmark/human_gold/real/real_ur_pk_004.wav,./run/03_benchmark/human_gold/real/real_ur_pk_004_TEMPLATE.txt,10.421,0,لیكن پہلے ہر كوئی چولہے پر ہی كھانا بنایا كرتا تھا اور آج بھی آج كل بھی كبھی ہمارے گھروں میں پایے وغیرہ بنتے ہیں تو
real_ur_pk_005,ur_pk,real_indicvoices,./run/03_benchmark/human_gold/real/real_ur_pk_005.wav,./run/03_benchmark/human_gold/real/real_ur_pk_005_TEMPLATE.txt,16.034,0,ہماری امی چولہا جلایا كرتی ہیں اور پھر اس پر بنایا كرتی ہیں اور اس پر اچھے سے پک بھی جاتا ہے اور اچھا بھی لگتا ہے لیكن اس میں برتن كالے پڑ جاتے ہیں اور ان كو بہت محنت سے دھونا پڑتا ہے
real_ur_pk_006,ur_pk,real_indicvoices,./run/03_benchmark/human_gold/real/real_ur_pk_006.wav,./run/03_benchmark/human_gold/real/real_ur_pk_006_TEMPLATE.txt,8.033,0,اور بعض اوقات تو برتن صاف بھی نہیں ہوتے اور ہمیشہ گندے ہی رہتے ہیں
real_ta_in_000,ta_in,real_indicvoices,./run/03_benchmark/human_gold/real/real_ta_in_000.wav,./run/03_benchmark/human_gold/real/real_ta_in_000_TEMPLATE.txt,9.184,0,நான் வந்து சின்ன குழந்தையா இருக்கும் போதுலேருந்தே சின்ன வயசுலேருந்தே வந்து நான் வந்து கார்டனிங் வந்து தோட்டமிடுறதுக்கு வந்து ஆரம்மிச்சிட்டேன் ஏன்னால் எனக்கு செடி வளர்க்குறது வந்து அப்போயிலேந்தே ரொம்ப 
real_ta_in_001,ta_in,real_indicvoices,./run/03_benchmark/human_gold/real/real_ta_in_001.wav,./run/03_benchmark/human_gold/real/real_ta_in_001_TEMPLATE.txt,9.089,0,சின்ன சின்ன செடி பூச்செடிகள் அந்தமாதிரிலாம் நான் வளர்க்க ஆரம்மிச்சேன் அது மட்டும் இல்லாமல் தாவரங்கள் வந்து ரெண்டு தாவரங்கள் ஒன்று ஒட்டு ஒட்டு விதை தாவரங்கள் அந்தமாதிரிலாம் வந்து சின்ன பிள்ளையிலே வந்து
real_ta_in_002,ta_in,real_indicvoices,./run/03_benchmark/human_gold/real/real_ta_in_002.wav,./run/03_benchmark/human_gold/real/real_ta_in_002_TEMPLATE.txt,10.814,0,நான் யூட்யூப்லாம் பார்ப்பேன் அம்மாவோடய மொபைலில் அதில் பார்த்து தான் இது வளர்க்க ஆரம்மிச்சேன் அதேமாதிரி மாடித்தோட்டம் வைக்கிறது வந்து எனக்கு ரொம்ப பிடிக்கும் பக்கத்து வீட்டில் உள்ளவங்களலாம் பார்த்து ஒர
real_ta_in_003,ta_in,real_indicvoices,./run/03_benchmark/human_gold/real/real_ta_in_003.wav,./run/03_benchmark/human_gold/real/real_ta_in_003_TEMPLATE.txt,10.387,0,மாடித்தோட்டத்தில் எப்படின்னா கொடியாஹ் வளரும்ல தாவரங்கள் பாகற்காய் பீர்க்கங்காய் புடலங்காய் அந்தமாதிரி அது மட்டும் இல்லாமல் குத்துச்செடி <unintelligible> மல்லிகைப்பூ அந்தமாதிரி அப்புறம் தக்காளி
real_ta_in_004,ta_in,real_indicvoices,./run/03_benchmark/human_gold/real/real_ta_in_004.wav,./run/03_benchmark/human_gold/real/real_ta_in_004_TEMPLATE.txt,15.708,0,மிளகாய் அந்த செடி எல்லாமே வந்து சின்ன குழந்தையாருக்கும் போதே வளர்க்க ஆரம்மிச்சிட்டேன் இப்போவும் <unintelligible> லாக்டவுன் அந்த பீரியட்லலாமும் வந்து நான் தோட்டமிட ஆரம்மிச்சேன் எனக்கு வந்து எப்போதும் த
real_ta_in_005,ta_in,real_indicvoices,./run/03_benchmark/human_gold/real/real_ta_in_005.wav,./run/03_benchmark/human_gold/real/real_ta_in_005_TEMPLATE.txt,3.807,0,என்னுடைய ஃபெடரல் பேங்க் கணக்கில் இன்னும் எவ்வளவு பணம் உள்ளது
real_ta_in_006,ta_in,real_indicvoices,./run/03_benchmark/human_gold/real/real_ta_in_006.wav,./run/03_benchmark/human_gold/real/real_ta_in_006_TEMPLATE.txt,7.167,0,ஒரு டைம் வந்து நாங்கள் வந்து டெல்லி போயிருந்தோம் அப்போது வந்து போயிட்டுருக்கும்போது சென்னை வரைக்கும் எதுவும் தெரிவிக்கலை டெல்லி போனோடன்னையும்
real_ta_in_007,ta_in,real_indicvoices,./run/03_benchmark/human_gold/real/real_ta_in_007.wav,./run/03_benchmark/human_gold/real/real_ta_in_007_TEMPLATE.txt,7.17,0,அங்கே வந்து ஒரு சாப்பாடு கடைக்கு வந்து சாப்பிட போயிருந்தோம் அங்கே பேசறவங்கலாம் வேறு வேறு மொழியில் பேசினாங்க எங்களுக்கு வந்து புரியவே இல்லை
real_ta_in_008,ta_in,real_indicvoices,./run/03_benchmark/human_gold/real/real_ta_in_008.wav,./run/03_benchmark/human_gold/real/real_ta_in_008_TEMPLATE.txt,5.344,0,புரியாமல் இருக்கும்போது என்ன பண்ணுறதுன்னு தெரியலை அப்புறோம் எங்கள் ரிலேட்டிவ் வந்து ஒரு எங்கள் மாமா இருந்தார்
real_ml_in_000,ml_in,real_indicvoices,./run/03_benchmark/human_gold/real/real_ml_in_000.wav,./run/03_benchmark/human_gold/real/real_ml_in_000_TEMPLATE.txt,3.863,0,ഇന്ത്യ കാനഡ ചൈന ജർമനി ഫ്രാൻസ്
real_ml_in_001,ml_in,real_indicvoices,./run/03_benchmark/human_gold/real/real_ml_in_001.wav,./run/03_benchmark/human_gold/real/real_ml_in_001_TEMPLATE.txt,6.399,0,ഇഷ്ട്ടപ്പെടുന്ന ഒരു പുസ്തകം സ്വാമി വിവേകാനന്ദൻ്റെ പുസ്തകങ്ങളാണ് സ്വാമി വിവേകാനന്ദൻ്റെ ആത്മകഥയും
real_ml_in_002,ml_in,real_indicvoices,./run/03_benchmark/human_gold/real/real_ml_in_002.wav,./run/03_benchmark/human_gold/real/real_ml_in_002_TEMPLATE.txt,1.984,0,അതുപോലെയുള്ള ഒരുപാട് പുസ്തകങ്ങൾ ഇഷ്ടപ്പെടുന്നുണ്ട്
real_ml_in_003,ml_in,real_indicvoices,./run/03_benchmark/human_gold/real/real_ml_in_003.wav,./run/03_benchmark/human_gold/real/real_ml_in_003_TEMPLATE.txt,5.247,0,ഭാരതത്തിൻ്റെ ദക്ഷിണ ഭാഗത്തുള്ള വിവേകാനന്ദപ്പാറ അല്ലെങ്കിൽ ശ്രീപാദപ്പാറ
real_ml_in_004,ml_in,real_indicvoices,./run/03_benchmark/human_gold/real/real_ml_in_004.wav,./run/03_benchmark/human_gold/real/real_ml_in_004_TEMPLATE.txt,3.424,0,അവിടെ പോയിക്കഴിഞ്ഞാൽ സ്വാമി വിവേകാനന്ദൻ സന്ദർശിച്ച
real_ml_in_005,ml_in,real_indicvoices,./run/03_benchmark/human_gold/real/real_ml_in_005.wav,./run/03_benchmark/human_gold/real/real_ml_in_005_TEMPLATE.txt,7.168,0,ശ്രീപാദപ്പാറയിൽ വിവേകാനന്ദ സ്മാരകം ഉണ്ട് ആ സ്മാരകത്തിൽ ഒരു പുസ്തകം
real_ml_in_006,ml_in,real_indicvoices,./run/03_benchmark/human_gold/real/real_ml_in_006.wav,./run/03_benchmark/human_gold/real/real_ml_in_006_TEMPLATE.txt,12.257,0,ശാല അല്ലെങ്കിൽ ഗ്രന്ഥാലയം ഉണ്ട് ആ ഗ്രന്ഥാലയത്തിൽ വിവേകാനന്ദനുമായി ബന്ധപ്പെട്ട ഒരുപാട് പുസ്തകങ്ങൾ ഇരിക്കുന്നുണ്ട് അതിൽ വിവേകാനന്ദ കഥകൾ വിവേകാനന്ദൻ്റെ വാക്കുകൾ
real_ml_in_007,ml_in,real_indicvoices,./run/03_benchmark/human_gold/real/real_ml_in_007.wav,./run/03_benchmark/human_gold/real/real_ml_in_007_TEMPLATE.txt,13.024,0,ഉത്തിഷ്ഠത ജാഗ്രത പ്രാപ്യവരാന് നിബോധത വളരെ അധികം സ്വാധീനം ചെലുത്തിയൊരു വേർഡ്സ് ആണത് ശരിക്കൊരു മാതൃകാ പുരുഷനായി കാണാൻ പറ്റുന്നൊരു വ്യക്തിയാണ് സ്വാമി വിവേകാനന്ദൻ
real_ml_in_008,ml_in,real_indicvoices,./run/03_benchmark/human_gold/real/real_ml_in_008.wav,./run/03_benchmark/human_gold/real/real_ml_in_008_TEMPLATE.txt,7.938,0,അദ്ദേഹം വളരെ പ്രായം ഏകദേശം ഒരു മുപ്പത്തി മൂന്ന് വയസ്സിലോ മറ്റോ മരിച്ചുപോയി എന്നണ് തോന്നുന്നത്
real_ml_in_009,ml_in,real_indicvoices,./run/03_benchmark/human_gold/real/real_ml_in_009.wav,./run/03_benchmark/human_gold/real/real_ml_in_009_TEMPLATE.txt,12.354,0,അതുവരെ അദ്ദേഹം ചെയ്ത പ്രവർത്തനങ്ങളെല്ലാം ഭയങ്കരം മഹത്തായ പ്രവർത്തനങ്ങളാണ് പ്രത്യേകിച്ചിട്ട് ഭാരതത്തിൻ്റെ സംസ്ക്കാരത്തിന് വേണ്ടിയിട്ട് അതു പോലെ ഒരുപാട് കാര്യങ്ങൾക്ക് വേണ്ടിയിട്ട് അദ്ദേഹം നല്ല രീതിയിൽ
real_ml_in_010,ml_in,real_indicvoices,./run/03_benchmark/human_gold/real/real_ml_in_010.wav,./run/03_benchmark/human_gold/real/real_ml_in_010_TEMPLATE.txt,8.512,0,അന്നത്തെ ഒരു കാലത്ത് ഇന്നത്തെ പോലത്തെ കാലമല്ല അന്നത്തെ കാലത്ത് ആ രീതിയിൽ പ്രവർത്തിച്ചിട്ടുണ്ട് എന്നുള്ളതാണ് പരമപ്രധാനം
real_te_in_000,te_in,real_indicvoices,./run/03_benchmark/human_gold/real/real_te_in_000.wav,./run/03_benchmark/human_gold/real/real_te_in_000_TEMPLATE.txt,4.649,0,అమెరికా ఇంగ్లాండు ఇండియా రష్యా జపాన్
real_te_in_001,te_in,real_indicvoices,./run/03_benchmark/human_gold/real/real_te_in_001.wav,./run/03_benchmark/human_gold/real/real_te_in_001_TEMPLATE.txt,2.753,0,హలో ఆటో రిక్షా డ్రైవరా
real_te_in_002,te_in,real_indicvoices,./run/03_benchmark/human_gold/real/real_te_in_002.wav,./run/03_benchmark/human_gold/real/real_te_in_002_TEMPLATE.txt,1.121,0,గుడ్ ఆఫ్టర్నూన్
real_te_in_003,te_in,real_indicvoices,./run/03_benchmark/human_gold/real/real_te_in_003.wav,./run/03_benchmark/human_gold/real/real_te_in_003_TEMPLATE.txt,3.327,0,నేనూ హైదరాబాద్కి కొత్తగా వచ్చినా ఈరోజే
real_te_in_004,te_in,real_indicvoices,./run/03_benchmark/human_gold/real/real_te_in_004.wav,./run/03_benchmark/human_gold/real/real_te_in_004_TEMPLATE.txt,5.536,0,నేనొక ఒక టూ డేస్ మొత్తం తెలంగాణలో ఉన్న ప్లేసెస్ మొత్తం తిరగాలనుకుంటున్నా హైదరాబాద్లో
real_te_in_005,te_in,real_indicvoices,./run/03_benchmark/human_gold/real/real_te_in_005.wav,./run/03_benchmark/human_gold/real/real_te_in_005_TEMPLATE.txt,3.904,0,అయితే షార్ట్కట్ వేస్ ఏమన్నా ఉన్నాయా నేను తొందరగా రీచ్ కావడానికి
real_te_in_006,te_in,real_indicvoices,./run/03_benchmark/human_gold/real/real_te_in_006.wav,./run/03_benchmark/human_gold/real/real_te_in_006_TEMPLATE.txt,1.217,0,ట్రాఫిక్ లేకుండా
real_te_in_007,te_in,real_indicvoices,./run/03_benchmark/human_gold/real/real_te_in_007.wav,./run/03_benchmark/human_gold/real/real_te_in_007_TEMPLATE.txt,8.512,0,అంటే ఎక్కడా టైం వేస్ట్ కాకుండా నేను టూ డేస్లో చూ మేము చూడాలని చూడాలనుకున్న ప్లేసెస్ మొత్తం విజిట్ చెయ్యాలి
real_te_in_008,te_in,real_indicvoices,./run/03_benchmark/human_gold/real/real_te_in_008.wav,./run/03_benchmark/human_gold/real/real_te_in_008_TEMPLATE.txt,1.505,0,రెడీ చేసుకున్నా
real_te_in_009,te_in,real_indicvoices,./run/03_benchmark/human_gold/real/real_te_in_009.wav,./run/03_benchmark/human_gold/real/real_te_in_009_TEMPLATE.txt,3.135,0,పర్ అవర్ మి మీటరుందా మీ ఆటోకి
real_te_in_010,te_in,real_indicvoices,./run/03_benchmark/human_gold/real/real_te_in_010.wav,./run/03_benchmark/human_gold/real/real_te_in_010_TEMPLATE.txt,2.369,0,మీటర్ ద్వారానా
real_te_in_011,te_in,real_indicvoices,./run/03_benchmark/human_gold/real/real_te_in_011.wav,./run/03_benchmark/human_gold/real/real_te_in_011_TEMPLATE.txt,1.598,0,ఓకే డిస్కౌంట్ ఏం ఉండదా
real_te_in_012,te_in,real_indicvoices,./run/03_benchmark/human_gold/real/real_te_in_012.wav,./run/03_benchmark/human_gold/real/real_te_in_012_TEMPLATE.txt,3.634,0,డిస్టెన్స్ డిస్టెన్స్ బట్టి డిస్టెన్స్ బట్టా
real_te_in_013,te_in,real_indicvoices,./run/03_benchmark/human_gold/real/real_te_in_013.wav,./run/03_benchmark/human_gold/real/real_te_in_013_TEMPLATE.txt,1.696,0,ఓకే ఓకే నేనూ
real_te_in_014,te_in,real_indicvoices,./run/03_benchmark/human_gold/real/real_te_in_014.wav,./run/03_benchmark/human_gold/real/real_te_in_014_TEMPLATE.txt,2.657,0,ఓకే కానీ షార్ట్కట్లో వెళ్ళాలి
real_te_in_015,te_in,real_indicvoices,./run/03_benchmark/human_gold/real/real_te_in_015.wav,./run/03_benchmark/human_gold/real/real_te_in_015_TEMPLATE.txt,7.745,0,హైదరబాద్ అంటే ఫుల్ రష్ ఏరియా ట్రాఫిక్ ఏరియా కదా అందుకే టైం సరిపోదు నేను చూడాలనుకున్న ప్లేసెస్ మిస్ అయితా
real_te_in_016,te_in,real_indicvoices,./run/03_benchmark/human_gold/real/real_te_in_016.wav,./run/03_benchmark/human_gold/real/real_te_in_016_TEMPLATE.txt,1.47,0,కాబట్టి కొంచెం
real_te_in_017,te_in,real_indicvoices,./run/03_benchmark/human_gold/real/real_te_in_017.wav,./run/03_benchmark/human_gold/real/real_te_in_017_TEMPLATE.txt,1.504,0,చూసి తీసుకోండి
real_te_in_018,te_in,real_indicvoices,./run/03_benchmark/human_gold/real/real_te_in_018.wav,./run/03_benchmark/human_gold/real/real_te_in_018_TEMPLATE.txt,3.426,0,ఓకే ఓకే షేర్ చేస్తా నేను ఇక్కడ గచ్చిబౌలీలో ఉంటా
real_te_in_019,te_in,real_indicvoices,./run/03_benchmark/human_gold/real/real_te_in_019.wav,./run/03_benchmark/human_gold/real/real_te_in_019_TEMPLATE.txt,1.346,0,ఎనిమిది
real_te_in_020,te_in,real_indicvoices,./run/03_benchmark/human_gold/real/real_te_in_020.wav,./run/03_benchmark/human_gold/real/real_te_in_020_TEMPLATE.txt,2.464,0,ఓకే ఎక్కడ నుండి ఎక్కడకి మేమ్ డిస్టెన్స్ చెప్పండి మేమ్
real_te_in_021,te_in,real_indicvoices,./run/03_benchmark/human_gold/real/real_te_in_021.wav,./run/03_benchmark/human_gold/real/real_te_in_021_TEMPLATE.txt,1.792,0,ఇంకా
real_te_in_022,te_in,real_indicvoices,./run/03_benchmark/human_gold/real/real_te_in_022.wav,./run/03_benchmark/human_gold/real/real_te_in_022_TEMPLATE.txt,3.232,0,ఓకే మేమ్ ఒక టు హండ్రెడ్ పడుతుంది మేమ్
real_te_in_023,te_in,real_indicvoices,./run/03_benchmark/human_gold/real/real_te_in_023.wav,./run/03_benchmark/human_gold/real/real_te_in_023_TEMPLATE.txt,6.303,0,లేదు మేమ్ మేమే మేమే తీసుకుంటాము పెట్రోల్ గట్రా మేమే పెట్టుకుంటాము ఓన్లీ మిమ్మలిని డ్రాప్ పికపింగ్ డ్రాపింగ్
real_kn_in_000,kn_in,real_indicvoices,./run/03_benchmark/human_gold/real/real_kn_in_000.wav,./run/03_benchmark/human_gold/real/real_kn_in_000_TEMPLATE.txt,20.0,0,ನಾನು ಹಬ್ಬಗಳಲ್ಲಿ ಬಳಸುವ ಸಾಮಗ್ರಿಗಳ ಆರ್ಡರ್ ಶಿಪ್ ಆಗಿದೆಯಾ ಯಾವಾಗ ಡೆಲಿವರ್ ಆಗುತ್ತೆ
real_kn_in_001,kn_in,real_indicvoices,./run/03_benchmark/human_gold/real/real_kn_in_001.wav,./run/03_benchmark/human_gold/real/real_kn_in_001_TEMPLATE.txt,1.189,0,ಸರ್ ಹೇಳಿ ಸರ್ ಯಾರು
real_kn_in_002,kn_in,real_indicvoices,./run/03_benchmark/human_gold/real/real_kn_in_002.wav,./run/03_benchmark/human_gold/real/real_kn_in_002_TEMPLATE.txt,3.453,0,ಹಾಂ ಹೇಳಿ ಹೌದೌದ್ ಎಲೆಕ್ಟ್ರಿಕಲ್ ಶೋರೂಮ್ ಸರ್
real_kn_in_003,kn_in,real_indicvoices,./run/03_benchmark/human_gold/real/real_kn_in_003.wav,./run/03_benchmark/human_gold/real/real_kn_in_003_TEMPLATE.txt,10.177,0,ಸರ್ ನಮಗೆ ಒಂದು ಫ್ರಿಜ್ ಬೇಕಿತ್ತು ಸರ್ ನಮಗೆ ಅದಕ್ಕೆ ಇಲ್ಲಿ ನಿಮ್ಮಲ್ಲಿ ಯಾವ್ಯಾವ ಫ್ರಿಜ್ಗಳು ಅವೈಲೇಬಲ್ ಇದಾವ್ ಸರ್ ಯಾವ ಕಂಪ್ನಿಗಳ ಫ್ರಿಜ್ ಇದ್ದಾವೆ ನಿಮ್ಮಲ್ಲಿ
real_kn_in_004,kn_in,real_indicvoices,./run/03_benchmark/human_gold/real/real_kn_in_004.wav,./run/03_benchmark/human_gold/real/real_kn_in_004_TEMPLATE.txt,15.491,0,ಇಲ್ಲ ಸರ ನಮಗೆ ಫ್ಯಾಮ್ ಫ್ಯಾಮ್ಲಿ ಫ್ಯಾಮ್ಲಿ ಇದೆ ಸರ್ ನಮ್ಮದು ಫ್ಯಾಮ್ಲಿಗೆ ಬೇಕಾಗಿದೆ ಸರ್ ನಮ್ಗೆ ನಮಗೆ ಎಲ್ ಜೀ ಎಲ್ ಜಿಯಲ್ಲಿ ಬೇಕಾಗಿದೆ ಸರ್ ನಮಗೆ ಎಲ್ ಜಿ ಕಂಪ್ನಿಯಲ್ಲಿ ಎಲ್ ಜಿ ಕಂಪ್ನಿ ನಿಮ್ಮಲ್ಲಿ ಇದೆ ಅಲ್ಲ ಸರ್
real_kn_in_005,kn_in,real_indicvoices,./run/03_benchmark/human_gold/real/real_kn_in_005.wav,./run/03_benchmark/human_gold/real/real_kn_in_005_TEMPLATE.txt,1.387,0,ಹಾಂ ಡಬಲ್ ಡೋರ್ ಬೇಕು ಸರ್
real_kn_in_006,kn_in,real_indicvoices,./run/03_benchmark/human_gold/real/real_kn_in_006.wav,./run/03_benchmark/human_gold/real/real_kn_in_006_TEMPLATE.txt,1.708,0,ಹೌದ್ ಸರ್ ಡಬಲ್ ಡೋರೇ ಬೇಕು
real_kn_in_007,kn_in,real_indicvoices,./run/03_benchmark/human_gold/real/real_kn_in_007.wav,./run/03_benchmark/human_gold/real/real_kn_in_007_TEMPLATE.txt,1.119,0,ಓಕೆ ಸರ್ ಸರಿ
real_kn_in_008,kn_in,real_indicvoices,./run/03_benchmark/human_gold/real/real_kn_in_008.wav,./run/03_benchmark/human_gold/real/real_kn_in_008_TEMPLATE.txt,5.736,0,ಸರ್ ಇನ್ನೊಂದು ಇನ್ನೊಂದು ಏನು ಅಂತಂದರೆ ಯುಗಾದಿ ಹಬ್ಬ ಇದೆಯಲ್ಲ ಸರ ಆ ಹಬ್ಬಕ್ ಏನಾದರು ಆಫರ್ ಇದೆಯಾ ಸರ್ ಅದು ಫ್ರಿಜ್ಗೆ
real_kn_in_009,kn_in,real_indicvoices,./run/03_benchmark/human_gold/real/real_kn_in_009.wav,./run/03_benchmark/human_gold/real/real_kn_in_009_TEMPLATE.txt,2.184,0,ಹಾಂ ಆಫರೂ ಎಷ್ಟು ಪರ್ಸೆಂಟೇಜ್ ಇದೆ ಸರ್
real_kn_in_010,kn_in,real_indicvoices,./run/03_benchmark/human_gold/real/real_kn_in_010.wav,./run/03_benchmark/human_gold/real/real_kn_in_010_TEMPLATE.txt,3.834,0,ಹಾಂ ಹಾಂ ಹಾಂ ಸರ್ ನಿಮ್ಮ ಶಾಪ್ ಅಡ್ರೆಸ್ ಹೇಳಿಬಿಡಿ ಸರ್ ನಾನು ಅಲ್ಲಿಗೆ ಬಂದು ಭೇಟಿ ಆಗ್ತೀನಿ ಸರ್
real_kn_in_011,kn_in,real_indicvoices,./run/03_benchmark/human_gold/real/real_kn_in_011.wav,./run/03_benchmark/human_gold/real/real_kn_in_011_TEMPLATE.txt,3.808,0,ಹಾಂ ಸರ್ ನಾವು ಇಲ್ಲೆ ಗಿಣಿಗೇರ್ದಿಂದ ಸರ್
real_kn_in_012,kn_in,real_indicvoices,./run/03_benchmark/human_gold/real/real_kn_in_012.wav,./run/03_benchmark/human_gold/real/real_kn_in_012_TEMPLATE.txt,3.423,0,ಓಕೆ ಸರ್ ಓಕೆ ಸರ್ ಧನ್ಯವಾದ ಸರ್ ಹಾಗಾದ್ರೆ ನಾ ವಿಝಿಟ್ ಮಾಡ್ತೀನಿ ಸರ್
real_kn_in_013,kn_in,real_indicvoices,./run/03_benchmark/human_gold/real/real_kn_in_013.wav,./run/03_benchmark/human_gold/real/real_kn_in_013_TEMPLATE.txt,1.282,0,ಓಕೆ ಸರ್ ಧನ್ಯವಾದ ಸರ್
real_kn_in_014,kn_in,real_indicvoices,./run/03_benchmark/human_gold/real/real_kn_in_014.wav,./run/03_benchmark/human_gold/real/real_kn_in_014_TEMPLATE.txt,5.152,0,ಗುಲ್ಬರ್ಗದಲ್ಲಿ ಅಂದರೆ ಅಪ್ಪನ ಗುಡಿ ಶರ್ಣ ಬಸ್ವೇಶ್ವರ್ ದೇವ್ಸ್ಥಾನ ತುಂಬ ಚೆನ್ನಾಗಿದೆ
